date,code,z_0,z_1,z_2,z_3,z_4,z_5,z_6,z_7
2023-01-03,31,0.1629212498664856,0.1665515899658203,0.003921376541256905,0.14746052026748657,0.005660386756062508,-8.845363135522033e-14,-4.319645227450486e-13,4.148233406081614e-13
2023-01-04,53,0.023940319195389748,0.0004277289845049381,0.024368783459067345,0.08578764647245407,0.04361531883478165,1.809550176368191e-09,-1.991245198951219e-06,6.336547730967368e-09
2023-01-05,7,0.13057146966457367,0.008782850578427315,0.02669244073331356,0.1613282412290573,0.037315964698791504,-1.530407578442805e-09,-2.4741320103771614e-12,-1.7719892184686614e-06
2023-01-06,17,0.02578229084610939,0.0003306423604954034,0.13799238204956055,0.039486292749643326,0.16730612516403198,1.8684569169646892e-10,-3.776167822877596e-09,-3.164344661854557e-07
2023-01-09,7,0.13057146966457367,0.008782850578427315,0.02669244073331356,0.1613282412290573,0.037315964698791504,-1.530407578442805e-09,-2.4741320103771614e-12,-1.7719892184686614e-06
2023-01-10,17,0.02578229084610939,0.0003306423604954034,0.13799238204956055,0.039486292749643326,0.16730612516403198,1.8684569169646892e-10,-3.776167822877596e-09,-3.164344661854557e-07
2023-01-11,17,0.02578229084610939,0.0003306423604954034,0.13799238204956055,0.039486292749643326,0.16730612516403198,1.8684569169646892e-10,-3.776167822877596e-09,-3.164344661854557e-07
2023-01-12,17,0.02578229084610939,0.0003306423604954034,0.13799238204956055,0.039486292749643326,0.16730612516403198,1.8684569169646892e-10,-3.776167822877596e-09,-3.164344661854557e-07
2023-01-13,17,0.02578229084610939,0.0003306423604954034,0.13799238204956055,0.039486292749643326,0.16730612516403198,1.8684569169646892e-10,-3.776167822877596e-09,-3.164344661854557e-07
2023-01-17,31,0.1629212498664856,0.1665516197681427,0.003921376541256905,0.14746049046516418,0.005660386756062508,-8.845363135522033e-14,-4.319645227450486e-13,4.148233406081614e-13
2023-01-18,31,0.1629212498664856,0.1665516197681427,0.003921376541256905,0.14746049046516418,0.005660386756062508,-8.845363135522033e-14,-4.319645227450486e-13,4.148233406081614e-13
2023-01-19,17,0.02578229084610939,0.00033064186573028564,0.13799238204956055,0.039486292749643326,0.16730612516403198,1.8684569169646892e-10,-3.776167822877596e-09,-3.164344661854557e-07
2023-01-20,17,0.02578229084610939,0.0003306423604954034,0.13799238204956055,0.039486292749643326,0.16730612516403198,1.8684569169646892e-10,-3.776167822877596e-09,-3.164344661854557e-07
2023-01-23,17,0.02578229084610939,0.0003306423604954034,0.13799238204956055,0.039486292749643326,0.16730612516403198,1.8684569169646892e-10,-3.776167822877596e-09,-3.164344661854557e-07
2023-01-24,17,0.02578229084610939,0.0003306423604954034,0.13799238204956055,0.039486292749643326,0.16730612516403198,1.8684569169646892e-10,-3.776167822877596e-09,-3.164344661854557e-07
2023-01-25,17,0.02578229084610939,0.0003306423604954034,0.13799238204956055,0.039486292749643326,0.16730612516403198,1.8684569169646892e-10,-3.776167822877596e-09,-3.164344661854557e-07
2023-01-26,17,0.02578229084610939,0.0003306423604954034,0.13799238204956055,0.039486292749643326,0.16730612516403198,1.8684569169646892e-10,-3.776167822877596e-09,-3.164344661854557e-07
2023-01-27,17,0.02578229084610939,0.0003306423604954034,0.13799238204956055,0.039486292749643326,0.16730612516403198,1.8684569169646892e-10,-3.776167822877596e-09,-3.164344661854557e-07
2023-01-30,31,0.1629212349653244,0.1665516197681427,0.003921376541256905,0.14746049046516418,0.005660386756062508,-8.845363135522033e-14,-4.319645227450486e-13,4.148233406081614e-13
2023-01-31,17,0.02578229084610939,0.0003306423604954034,0.13799238204956055,0.039486292749643326,0.16730612516403198,1.8684569169646892e-10,-3.776167822877596e-09,-3.164344661854557e-07
2023-02-01,31,0.1629212349653244,0.1665516197681427,0.003921376541256905,0.14746049046516418,0.005660386756062508,-8.845363135522033e-14,-4.319645227450486e-13,4.148233406081614e-13
2023-02-02,53,0.023940319195389748,0.0004277289845049381,0.024368785321712494,0.08578764647245407,0.043615322560071945,1.809550176368191e-09,-1.991245198951219e-06,6.336547730967368e-09
2023-02-03,31,0.1629212349653244,0.1665516197681427,0.003921376541256905,0.14746049046516418,0.005660386756062508,-8.845363135522033e-14,-4.319645227450486e-13,4.148233406081614e-13
2023-02-06,53,0.0239403173327446,0.0004277289845049381,0.024368781596422195,0.08578764647245407,0.043615322560071945,1.809550176368191e-09,-1.991245198951219e-06,6.336547730967368e-09
2023-02-07,7,0.13057146966457367,0.008782850578427315,0.02669244259595871,0.1613282412290573,0.037315964698791504,-1.530407578442805e-09,-2.4741320103771614e-12,-1.7719892184686614e-06
2023-02-08,31,0.1629212498664856,0.1665516197681427,0.003921376541256905,0.14746049046516418,0.005660386756062508,-8.845363135522033e-14,-4.319645227450486e-13,4.148233406081614e-13
2023-02-09,7,0.13057146966457367,0.008782850578427315,0.02669244073331356,0.1613282412290573,0.037315964698791504,-1.530407578442805e-09,-2.4741320103771614e-12,-1.7719892184686614e-06
2023-02-10,53,0.0239403173327446,0.0004277289845049381,0.024368785321712494,0.08578764647245407,0.043615322560071945,1.809550176368191e-09,-1.991245198951219e-06,6.336547730967368e-09
2023-02-13,17,0.02578229084610939,0.0003306423604954034,0.13799238204956055,0.039486292749643326,0.16730612516403198,1.8684569169646892e-10,-3.776167822877596e-09,-3.164344661854557e-07
2023-02-14,17,0.02578229084610939,0.0003306423604954034,0.13799238204956055,0.039486292749643326,0.16730612516403198,1.8684569169646892e-10,-3.776167822877596e-09,-3.164344661854557e-07
2023-02-15,17,0.02578229084610939,0.0003306423604954034,0.13799238204956055,0.039486292749643326,0.16730612516403198,1.8684569169646892e-10,-3.776167822877596e-09,-3.164344661854557e-07
2023-02-16,17,0.02578229084610939,0.0003306423604954034,0.13799238204956055,0.039486292749643326,0.16730612516403198,1.8684569169646892e-10,-3.776167822877596e-09,-3.164344661854557e-07
2023-02-17,7,0.13057146966457367,0.008782852441072464,0.02669244259595871,0.1613282412290573,0.037315964698791504,-1.530407578442805e-09,-2.4741320103771614e-12,-1.7719892184686614e-06
2023-02-21,31,0.1629212498664856,0.1665515899658203,0.003921376541256905,0.1474604606628418,0.005660386756062508,-8.845363135522033e-14,-4.319645227450486e-13,4.148233406081614e-13
2023-02-22,53,0.023940319195389748,0.0004277289845049381,0.024368783459067345,0.08578764647245407,0.043615322560071945,1.809550176368191e-09,-1.991245198951219e-06,6.336547730967368e-09
2023-02-23,31,0.1629212349653244,0.1665516197681427,0.003921374678611755,0.14746049046516418,0.005660388618707657,-8.845363135522033e-14,-4.319645227450486e-13,4.148233406081614e-13
2023-02-24,7,0.13057146966457367,0.008782850578427315,0.02669244259595871,0.1613282412290573,0.037315964698791504,-1.530407578442805e-09,-2.4741320103771614e-12,-1.7719892184686614e-06
2023-02-27,31,0.1629212349653244,0.1665516197681427,0.003921376541256905,0.14746049046516418,0.005660386756062508,-8.845363135522033e-14,-4.319645227450486e-13,4.148233406081614e-13
2023-02-28,17,0.02578229084610939,0.0003306423604954034,0.13799238204956055,0.03948628902435303,0.16730612516403198,1.8684569169646892e-10,-3.776167822877596e-09,-3.164344661854557e-07
2023-03-01,7,0.13057146966457367,0.008782850578427315,0.02669244073331356,0.1613282412290573,0.037315964698791504,-1.530407578442805e-09,-2.4741320103771614e-12,-1.7719892184686614e-06
2023-03-02,17,0.025782287120819092,0.0003306423604954034,0.13799238204956055,0.039486292749643326,0.16730612516403198,1.8684569169646892e-10,-3.776167822877596e-09,-3.164344661854557e-07
2023-03-03,17,0.02578229084610939,0.0003306423604954034,0.13799238204956055,0.039486292749643326,0.16730612516403198,1.8684569169646892e-10,-3.776167822877596e-09,-3.164344661854557e-07
2023-03-06,7,0.13057146966457367,0.008782850578427315,0.02669244073331356,0.1613282412290573,0.037315964698791504,-1.530407578442805e-09,-2.4741320103771614e-12,-1.7719892184686614e-06
2023-03-07,31,0.1629212498664856,0.1665515899658203,0.003921376541256905,0.1474604606628418,0.005660386756062508,-8.845363135522033e-14,-4.319645227450486e-13,4.148233406081614e-13
2023-03-08,31,0.1629212349653244,0.1665516197681427,0.003921376541256905,0.14746049046516418,0.005660386756062508,-8.845363135522033e-14,-4.319645227450486e-13,4.148233406081614e-13
2023-03-09,7,0.13057146966457367,0.008782850578427315,0.02669244073331356,0.1613282412290573,0.037315964698791504,-1.530407578442805e-09,-2.4741320103771614e-12,-1.7719892184686614e-06
2023-03-10,31,0.1629212349653244,0.1665516197681427,0.003921376541256905,0.14746049046516418,0.005660386756062508,-8.845363135522033e-14,-4.319645227450486e-13,4.148233406081614e-13
2023-03-13,17,0.02578229084610939,0.0003306423604954034,0.13799238204956055,0.039486292749643326,0.16730612516403198,1.8684569169646892e-10,-3.776167822877596e-09,-3.164344661854557e-07
2023-03-14,7,0.13057146966457367,0.008782850578427315,0.02669244073331356,0.1613282412290573,0.037315964698791504,-1.530407578442805e-09,-2.4741320103771614e-12,-1.7719892184686614e-06
2023-03-15,7,0.13057146966457367,0.008782850578427315,0.02669244259595871,0.1613282412290573,0.037315964698791504,-1.530407578442805e-09,-2.4741320103771614e-12,-1.7719892184686614e-06
2023-03-16,17,0.02578229084610939,0.0003306423604954034,0.13799238204956055,0.039486292749643326,0.16730612516403198,1.8684569169646892e-10,-3.776167822877596e-09,-3.164344661854557e-07
2023-03-17,31,0.1629212498664856,0.1665516197681427,0.003921376541256905,0.14746049046516418,0.005660386756062508,-8.845363135522033e-14,-4.319645227450486e-13,4.148233406081614e-13
2023-03-20,17,0.02578229084610939,0.0003306423604954034,0.13799238204956055,0.039486292749643326,0.16730612516403198,1.8684569169646892e-10,-3.776167822877596e-09,-3.164344661854557e-07
2023-03-21,31,0.1629212349653244,0.1665516197681427,0.003921376541256905,0.14746049046516418,0.005660386756062508,-8.845363135522033e-14,-4.319645227450486e-13,4.148233406081614e-13
2023-03-22,53,0.023940319195389748,0.0004277289845049381,0.024368785321712494,0.08578764647245407,0.043615322560071945,1.809550176368191e-09,-1.991245198951219e-06,6.336547730967368e-09
2023-03-23,7,0.13057146966457367,0.008782850578427315,0.02669244073331356,0.1613282412290573,0.037315964698791504,-1.530407578442805e-09,-2.4741320103771614e-12,-1.7719892184686614e-06
2023-03-24,17,0.02578229084610939,0.0003306423604954034,0.13799238204956055,0.039486292749643326,0.16730612516403198,1.8684569169646892e-10,-3.776167822877596e-09,-3.164344661854557e-07
2023-03-27,31,0.1629212349653244,0.1665516197681427,0.003921378403902054,0.14746049046516418,0.005660384893417358,-8.845363135522033e-14,-4.319645227450486e-13,4.148233406081614e-13
2023-03-28,7,0.13057146966457367,0.008782850578427315,0.02669244073331356,0.1613282412290573,0.037315964698791504,-1.530407578442805e-09,-2.4741320103771614e-12,-1.7719892184686614e-06
2023-03-29,7,0.13057146966457367,0.008782850578427315,0.02669244259595871,0.1613282412290573,0.037315964698791504,-1.530407578442805e-09,-2.4741320103771614e-12,-1.7719892184686614e-06
2023-03-30,7,0.13057146966457367,0.008782850578427315,0.02669244073331356,0.1613282412290573,0.037315964698791504,-1.530407578442805e-09,-2.4741320103771614e-12,-1.7719892184686614e-06
2023-03-31,17,0.025782287120819092,0.0003306423604954034,0.13799238204956055,0.039486292749643326,0.16730612516403198,1.8684569169646892e-10,-3.776167822877596e-09,-3.164344661854557e-07
2023-04-03,7,0.13057146966457367,0.008782850578427315,0.02669244073331356,0.1613282412290573,0.037315964698791504,-1.530407578442805e-09,-2.4741320103771614e-12,-1.7719892184686614e-06
2023-04-04,31,0.1629212498664856,0.1665516495704651,0.003921376541256905,0.14746052026748657,0.005660386756062508,-8.845363135522033e-14,-4.319645227450486e-13,4.148233406081614e-13
2023-04-05,31,0.1629212349653244,0.1665516197681427,0.003921376541256905,0.14746049046516418,0.005660386756062508,-8.845363135522033e-14,-4.319645227450486e-13,4.148233406081614e-13
2023-04-06,17,0.02578229084610939,0.0003306423604954034,0.13799238204956055,0.039486292749643326,0.16730612516403198,1.8684569169646892e-10,-3.776167822877596e-09,-3.164344661854557e-07
2023-04-10,17,0.02578229084610939,0.0003306423604954034,0.13799238204956055,0.039486292749643326,0.16730612516403198,1.8684569169646892e-10,-3.776167822877596e-09,-3.164344661854557e-07
2023-04-11,17,0.02578229084610939,0.0003306423604954034,0.13799238204956055,0.039486292749643326,0.16730612516403198,1.8684569169646892e-10,-3.776167822877596e-09,-3.164344661854557e-07
2023-04-12,7,0.13057146966457367,0.008782850578427315,0.02669244259595871,0.1613282412290573,0.037315964698791504,-1.530407578442805e-09,-2.4741320103771614e-12,-1.7719892184686614e-06
2023-04-13,17,0.02578229084610939,0.0003306423604954034,0.13799238204956055,0.039486292749643326,0.16730612516403198,1.8684569169646892e-10,-3.776167822877596e-09,-3.164344661854557e-07
2023-04-14,31,0.1629212498664856,0.1665516495704651,0.003921376541256905,0.14746049046516418,0.005660386756062508,-8.845363135522033e-14,-4.319645227450486e-13,4.148233406081614e-13
2023-04-17,31,0.1629212349653244,0.1665516197681427,0.003921376541256905,0.14746049046516418,0.005660386756062508,-8.845363135522033e-14,-4.319645227450486e-13,4.148233406081614e-13
2023-04-18,7,0.13057146966457367,0.008782848715782166,0.02669244073331356,0.1613282412290573,0.037315964698791504,-1.530407578442805e-09,-2.4741320103771614e-12,-1.7719892184686614e-06
2023-04-19,17,0.02578229084610939,0.0003306423604954034,0.13799238204956055,0.039486292749643326,0.16730612516403198,1.8684569169646892e-10,-3.776167822877596e-09,-3.164344661854557e-07
2023-04-20,17,0.02578229084610939,0.0003306423604954034,0.13799238204956055,0.03948628902435303,0.16730612516403198,1.8684569169646892e-10,-3.776167822877596e-09,-3.164344661854557e-07
2023-04-21,17,0.02578229084610939,0.0003306423604954034,0.13799238204956055,0.039486292749643326,0.16730612516403198,1.8684569169646892e-10,-3.776167822877596e-09,-3.164344661854557e-07
2023-04-24,53,0.0239403173327446,0.0004277289845049381,0.024368785321712494,0.08578764647245407,0.043615322560071945,1.809550176368191e-09,-1.991245198951219e-06,6.336547730967368e-09
2023-04-25,31,0.1629212349653244,0.1665516197681427,0.003921376541256905,0.14746049046516418,0.005660386756062508,-8.845363135522033e-14,-4.319645227450486e-13,4.148233406081614e-13
2023-04-26,7,0.13057146966457367,0.008782850578427315,0.02669244073331356,0.1613282412290573,0.037315964698791504,-1.530407578442805e-09,-2.4741320103771614e-12,-1.7719892184686614e-06
2023-04-27,17,0.02578229084610939,0.0003306423604954034,0.13799238204956055,0.039486292749643326,0.16730612516403198,1.8684569169646892e-10,-3.776167822877596e-09,-3.164344661854557e-07
2023-04-28,17,0.02578229084610939,0.0003306423604954034,0.13799238204956055,0.039486292749643326,0.16730612516403198,1.8684569169646892e-10,-3.776167822877596e-09,-3.164344661854557e-07
2023-05-01,53,0.023940319195389748,0.0004277289845049381,0.024368783459067345,0.08578764647245407,0.043615322560071945,1.809550176368191e-09,-1.991245198951219e-06,6.336547730967368e-09
2023-05-02,31,0.1629212349653244,0.1665516197681427,0.003921376541256905,0.14746049046516418,0.005660386756062508,-8.845363135522033e-14,-4.319645227450486e-13,4.148233406081614e-13
2023-05-03,53,0.023940319195389748,0.0004277289845049381,0.024368785321712494,0.08578764647245407,0.043615322560071945,1.809550176368191e-09,-1.991245198951219e-06,6.336547730967368e-09
2023-05-04,53,0.023940319195389748,0.0004277289845049381,0.024368783459067345,0.08578764647245407,0.043615322560071945,1.809550176368191e-09,-1.991245198951219e-06,6.336547730967368e-09
2023-05-05,17,0.02578229084610939,0.0003306423604954034,0.13799238204956055,0.039486292749643326,0.16730612516403198,1.8684569169646892e-10,-3.776167822877596e-09,-3.164344661854557e-07
2023-05-08,17,0.02578229084610939,0.0003306423604954034,0.13799238204956055,0.039486292749643326,0.16730612516403198,1.8684569169646892e-10,-3.776167822877596e-09,-3.164344661854557e-07
2023-05-09,7,0.13057146966457367,0.008782850578427315,0.02669244259595871,0.1613282412290573,0.037315964698791504,-1.530407578442805e-09,-2.4741320103771614e-12,-1.7719892184686614e-06
2023-05-10,7,0.13057146966457367,0.008782848715782166,0.02669244073331356,0.1613282412290573,0.037315964698791504,-1.530407578442805e-09,-2.4741320103771614e-12,-1.7719892184686614e-06
2023-05-11,17,0.02578229084610939,0.0003306423604954034,0.13799238204956055,0.039486292749643326,0.16730612516403198,1.8684569169646892e-10,-3.776167822877596e-09,-3.164344661854557e-07
2023-05-12,31,0.1629212498664856,0.1665515899658203,0.003921376541256905,0.1474604606628418,0.005660386756062508,-8.845363135522033e-14,-4.319645227450486e-13,4.148233406081614e-13
2023-05-15,17,0.02578229084610939,0.0003306423604954034,0.13799238204956055,0.039486292749643326,0.16730612516403198,1.8684569169646892e-10,-3.776167822877596e-09,-3.164344661854557e-07
2023-05-16,53,0.023940321058034897,0.0004277289845049381,0.024368783459067345,0.08578764647245407,0.043615322560071945,1.809550176368191e-09,-1.991245198951219e-06,6.336547730967368e-09
2023-05-17,17,0.02578229084610939,0.0003306423604954034,0.13799238204956055,0.039486292749643326,0.16730612516403198,1.8684569169646892e-10,-3.776167822877596e-09,-3.164344661854557e-07
2023-05-18,7,0.13057146966457367,0.008782852441072464,0.02669244073331356,0.1613282412290573,0.037315964698791504,-1.530407578442805e-09,-2.4741320103771614e-12,-1.7719892184686614e-06
2023-05-19,31,0.1629212349653244,0.1665516197681427,0.003921376541256905,0.14746049046516418,0.005660386756062508,-8.845363135522033e-14,-4.319645227450486e-13,4.148233406081614e-13
2023-05-22,17,0.02578229084610939,0.0003306423604954034,0.13799238204956055,0.039486292749643326,0.16730612516403198,1.8684569169646892e-10,-3.776167822877596e-09,-3.164344661854557e-07
2023-05-23,7,0.13057146966457367,0.008782850578427315,0.02669244073331356,0.1613282412290573,0.037315964698791504,-1.530407578442805e-09,-2.4741320103771614e-12,-1.7719892184686614e-06
2023-05-24,31,0.1629212349653244,0.1665515899658203,0.003921376541256905,0.14746049046516418,0.005660386756062508,-8.845363135522033e-14,-4.319645227450486e-13,4.148233406081614e-13
2023-05-25,17,0.02578229084610939,0.0003306423604954034,0.13799238204956055,0.039486292749643326,0.16730612516403198,1.8684569169646892e-10,-3.776167822877596e-09,-3.164344661854557e-07
2023-05-26,17,0.02578229084610939,0.0003306423604954034,0.13799238204956055,0.039486292749643326,0.16730612516403198,1.8684569169646892e-10,-3.776167822877596e-09,-3.164344661854557e-07
2023-05-30,31,0.1629212349653244,0.1665516197681427,0.003921376541256905,0.14746049046516418,0.005660386756062508,-8.845363135522033e-14,-4.319645227450486e-13,4.148233406081614e-13
2023-05-31,31,0.1629212349653244,0.1665516197681427,0.003921374678611755,0.14746049046516418,0.005660384893417358,-8.845363135522033e-14,-4.319645227450486e-13,4.148233406081614e-13
2023-06-01,17,0.02578229084610939,0.0003306423604954034,0.13799238204956055,0.039486292749643326,0.16730612516403198,1.8684569169646892e-10,-3.776167822877596e-09,-3.164344661854557e-07
2023-06-02,17,0.02578229084610939,0.0003306423604954034,0.13799238204956055,0.039486292749643326,0.16730612516403198,1.8684569169646892e-10,-3.776167822877596e-09,-3.164344661854557e-07
2023-06-05,53,0.023940319195389748,0.0004277289845049381,0.024368783459067345,0.08578764647245407,0.043615322560071945,1.809550176368191e-09,-1.991245198951219e-06,6.336547730967368e-09
2023-06-06,7,0.13057146966457367,0.008782850578427315,0.02669244073331356,0.1613282412290573,0.037315964698791504,-1.530407578442805e-09,-2.4741320103771614e-12,-1.7719892184686614e-06
2023-06-07,31,0.1629212498664856,0.1665515899658203,0.003921376541256905,0.1474604606628418,0.005660386756062508,-8.845363135522033e-14,-4.319645227450486e-13,4.148233406081614e-13
2023-06-08,17,0.02578229084610939,0.0003306423604954034,0.13799238204956055,0.039486292749643326,0.16730612516403198,1.8684569169646892e-10,-3.776167822877596e-09,-3.164344661854557e-07
2023-06-09,31,0.1629212349653244,0.1665516197681427,0.003921376541256905,0.14746049046516418,0.005660386756062508,-8.845363135522033e-14,-4.319645227450486e-13,4.148233406081614e-13
2023-06-12,7,0.13057146966457367,0.008782850578427315,0.02669244259595871,0.1613282412290573,0.037315964698791504,-1.530407578442805e-09,-2.4741320103771614e-12,-1.7719892184686614e-06
2023-06-13,17,0.02578229084610939,0.0003306423604954034,0.13799238204956055,0.039486292749643326,0.16730612516403198,1.8684569169646892e-10,-3.776167822877596e-09,-3.164344661854557e-07
2023-06-14,53,0.023940319195389748,0.0004277289845049381,0.024368783459067345,0.08578764647245407,0.043615322560071945,1.809550176368191e-09,-1.991245198951219e-06,6.336547730967368e-09
2023-06-15,17,0.02578229084610939,0.0003306423604954034,0.13799238204956055,0.039486292749643326,0.16730612516403198,1.8684569169646892e-10,-3.776167822877596e-09,-3.164344661854557e-07
2023-06-16,7,0.13057146966457367,0.008782850578427315,0.02669244073331356,0.1613282412290573,0.037315964698791504,-1.530407578442805e-09,-2.4741320103771614e-12,-1.7719892184686614e-06
2023-06-20,17,0.02578229084610939,0.0003306423604954034,0.13799238204956055,0.039486292749643326,0.16730612516403198,1.8684569169646892e-10,-3.776167822877596e-09,-3.164344661854557e-07
2023-06-21,7,0.13057146966457367,0.008782850578427315,0.02669244259595871,0.1613282412290573,0.037315964698791504,-1.530407578442805e-09,-2.4741320103771614e-12,-1.7719892184686614e-06
2023-06-22,17,0.02578229084610939,0.0003306423604954034,0.13799238204956055,0.039486292749643326,0.16730612516403198,1.8684569169646892e-10,-3.776167822877596e-09,-3.164344661854557e-07
2023-06-23,17,0.02578229084610939,0.0003306423604954034,0.13799238204956055,0.03948628902435303,0.16730612516403198,1.8684569169646892e-10,-3.776167822877596e-09,-3.164344661854557e-07
2023-06-26,31,0.1629212349653244,0.1665516197681427,0.003921376541256905,0.14746049046516418,0.005660386756062508,-8.845363135522033e-14,-4.319645227450486e-13,4.148233406081614e-13
2023-06-27,17,0.02578229084610939,0.0003306423604954034,0.13799238204956055,0.039486292749643326,0.16730612516403198,1.8684569169646892e-10,-3.776167822877596e-09,-3.164344661854557e-07
2023-06-28,7,0.13057146966457367,0.008782850578427315,0.02669244073331356,0.1613282412290573,0.037315964698791504,-1.530407578442805e-09,-2.4741320103771614e-12,-1.7719892184686614e-06
2023-06-29,17,0.02578229084610939,0.0003306423604954034,0.13799238204956055,0.039486292749643326,0.16730612516403198,1.8684569169646892e-10,-3.776167822877596e-09,-3.164344661854557e-07
2023-06-30,17,0.02578229084610939,0.0003306423604954034,0.13799238204956055,0.039486292749643326,0.16730612516403198,1.8684569169646892e-10,-3.776167822877596e-09,-3.164344661854557e-07
2023-07-03,31,0.1629212498664856,0.1665516197681427,0.003921376541256905,0.14746049046516418,0.005660386756062508,-8.845363135522033e-14,-4.319645227450486e-13,4.148233406081614e-13
2023-07-05,17,0.02578229084610939,0.0003306423604954034,0.13799238204956055,0.039486292749643326,0.16730612516403198,1.8684569169646892e-10,-3.776167822877596e-09,-3.164344661854557e-07
2023-07-06,17,0.02578229084610939,0.0003306423604954034,0.13799238204956055,0.039486292749643326,0.16730612516403198,1.8684569169646892e-10,-3.776167822877596e-09,-3.164344661854557e-07
2023-07-07,17,0.02578229084610939,0.0003306423604954034,0.13799238204956055,0.039486292749643326,0.16730612516403198,1.8684569169646892e-10,-3.776167822877596e-09,-3.164344661854557e-07
2023-07-10,17,0.02578229084610939,0.0003306423604954034,0.13799238204956055,0.039486292749643326,0.16730612516403198,1.8684569169646892e-10,-3.776167822877596e-09,-3.164344661854557e-07
2023-07-11,7,0.13057146966457367,0.008782850578427315,0.02669244073331356,0.1613282412290573,0.037315964698791504,-1.530407578442805e-09,-2.4741320103771614e-12,-1.7719892184686614e-06
2023-07-12,7,0.13057146966457367,0.008782850578427315,0.02669244073331356,0.1613282412290573,0.037315964698791504,-1.530407578442805e-09,-2.4741320103771614e-12,-1.7719892184686614e-06
2023-07-13,7,0.13057146966457367,0.008782850578427315,0.02669244259595871,0.1613282412290573,0.037315964698791504,-1.530407578442805e-09,-2.4741320103771614e-12,-1.7719892184686614e-06
2023-07-14,7,0.13057146966457367,0.008782850578427315,0.02669244073331356,0.1613282412290573,0.037315964698791504,-1.530407578442805e-09,-2.4741320103771614e-12,-1.7719892184686614e-06
2023-07-17,17,0.02578229084610939,0.0003306423604954034,0.13799238204956055,0.039486292749643326,0.16730612516403198,1.8684569169646892e-10,-3.776167822877596e-09,-3.164344661854557e-07
2023-07-18,17,0.02578229084610939,0.0003306423604954034,0.13799238204956055,0.039486292749643326,0.16730612516403198,1.8684569169646892e-10,-3.776167822877596e-09,-3.164344661854557e-07
2023-07-19,7,0.13057146966457367,0.008782850578427315,0.02669244073331356,0.1613282412290573,0.037315964698791504,-1.530407578442805e-09,-2.4741320103771614e-12,-1.7719892184686614e-06
2023-07-20,7,0.13057146966457367,0.008782850578427315,0.02669244073331356,0.1613282412290573,0.037315964698791504,-1.530407578442805e-09,-2.4741320103771614e-12,-1.7719892184686614e-06
2023-07-21,7,0.13057146966457367,0.008782850578427315,0.02669244073331356,0.1613282412290573,0.037315964698791504,-1.530407578442805e-09,-2.4741320103771614e-12,-1.7719892184686614e-06
2023-07-24,17,0.02578229084610939,0.0003306423604954034,0.13799238204956055,0.039486292749643326,0.16730612516403198,1.8684569169646892e-10,-3.776167822877596e-09,-3.164344661854557e-07
2023-07-25,17,0.02578229084610939,0.0003306423604954034,0.13799238204956055,0.039486292749643326,0.16730612516403198,1.8684569169646892e-10,-3.776167822877596e-09,-3.164344661854557e-07
2023-07-26,31,0.1629212349653244,0.1665516197681427,0.003921376541256905,0.14746049046516418,0.005660386756062508,-8.845363135522033e-14,-4.319645227450486e-13,4.148233406081614e-13
2023-07-27,7,0.13057146966457367,0.008782850578427315,0.02669244073331356,0.1613282412290573,0.037315964698791504,-1.530407578442805e-09,-2.4741320103771614e-12,-1.7719892184686614e-06
2023-07-28,17,0.02578229084610939,0.0003306423604954034,0.13799238204956055,0.039486292749643326,0.16730612516403198,1.8684569169646892e-10,-3.776167822877596e-09,-3.164344661854557e-07
2023-07-31,31,0.1629212349653244,0.1665516197681427,0.003921376541256905,0.14746049046516418,0.005660386756062508,-8.845363135522033e-14,-4.319645227450486e-13,4.148233406081614e-13
2023-08-01,53,0.0239403173327446,0.0004277289845049381,0.024368785321712494,0.08578764647245407,0.043615322560071945,1.809550176368191e-09,-1.991245198951219e-06,6.336547730967368e-09
2023-08-02,31,0.1629212498664856,0.1665516197681427,0.003921376541256905,0.14746049046516418,0.005660386756062508,-8.845363135522033e-14,-4.319645227450486e-13,4.148233406081614e-13
2023-08-03,17,0.02578229084610939,0.0003306423604954034,0.13799238204956055,0.039486292749643326,0.16730612516403198,1.8684569169646892e-10,-3.776167822877596e-09,-3.164344661854557e-07
2023-08-04,53,0.023940319195389748,0.0004277289845049381,0.024368783459067345,0.08578765392303467,0.043615322560071945,1.809550176368191e-09,-1.991245198951219e-06,6.336547730967368e-09
2023-08-07,17,0.02578229084610939,0.0003306423604954034,0.13799238204956055,0.039486292749643326,0.16730612516403198,1.8684569169646892e-10,-3.776167822877596e-09,-3.164344661854557e-07
2023-08-08,31,0.1629212349653244,0.1665516197681427,0.003921376541256905,0.14746049046516418,0.005660386756062508,-8.845363135522033e-14,-4.319645227450486e-13,4.148233406081614e-13
2023-08-09,7,0.13057146966457367,0.008782848715782166,0.02669244259595871,0.1613282412290573,0.037315964698791504,-1.530407578442805e-09,-2.4741320103771614e-12,-1.7719892184686614e-06
2023-08-10,31,0.1629212498664856,0.1665516197681427,0.003921376541256905,0.14746049046516418,0.005660386756062508,-8.845363135522033e-14,-4.319645227450486e-13,4.148233406081614e-13
2023-08-11,17,0.02578229084610939,0.0003306423604954034,0.13799238204956055,0.039486292749643326,0.16730612516403198,1.8684569169646892e-10,-3.776167822877596e-09,-3.164344661854557e-07
2023-08-14,17,0.02578229084610939,0.0003306423604954034,0.13799238204956055,0.039486292749643326,0.16730612516403198,1.8684569169646892e-10,-3.776167822877596e-09,-3.164344661854557e-07
2023-08-15,7,0.13057146966457367,0.008782850578427315,0.02669244073331356,0.1613282412290573,0.037315964698791504,-1.530407578442805e-09,-2.4741320103771614e-12,-1.7719892184686614e-06
2023-08-16,7,0.13057146966457367,0.008782850578427315,0.02669244073331356,0.1613282412290573,0.037315964698791504,-1.530407578442805e-09,-2.4741320103771614e-12,-1.7719892184686614e-06
2023-08-17,7,0.13057146966457367,0.008782850578427315,0.02669244073331356,0.1613282412290573,0.037315964698791504,-1.530407578442805e-09,-2.4741320103771614e-12,-1.7719892184686614e-06
2023-08-18,17,0.02578229084610939,0.0003306423604954034,0.13799238204956055,0.039486292749643326,0.16730612516403198,1.8684569169646892e-10,-3.776167822877596e-09,-3.164344661854557e-07
2023-08-21,17,0.02578229084610939,0.00033064186573028564,0.13799238204956055,0.039486292749643326,0.16730612516403198,1.8684569169646892e-10,-3.776167822877596e-09,-3.164344661854557e-07
2023-08-22,31,0.1629212498664856,0.1665515899658203,0.003921376541256905,0.14746049046516418,0.005660386756062508,-8.845363135522033e-14,-4.319645227450486e-13,4.148233406081614e-13
2023-08-23,17,0.02578229084610939,0.0003306423604954034,0.13799238204956055,0.039486292749643326,0.16730612516403198,1.8684569169646892e-10,-3.776167822877596e-09,-3.164344661854557e-07
2023-08-24,31,0.1629212498664856,0.1665516197681427,0.003921376541256905,0.14746049046516418,0.005660386756062508,-8.845363135522033e-14,-4.319645227450486e-13,4.148233406081614e-13
2023-08-25,17,0.02578229084610939,0.0003306423604954034,0.13799238204956055,0.039486292749643326,0.16730612516403198,1.8684569169646892e-10,-3.776167822877596e-09,-3.164344661854557e-07
2023-08-28,53,0.0239403173327446,0.0004277289845049381,0.024368783459067345,0.08578764647245407,0.043615322560071945,1.809550176368191e-09,-1.991245198951219e-06,6.336547730967368e-09
2023-08-29,17,0.02578229084610939,0.0003306423604954034,0.13799238204956055,0.039486292749643326,0.16730612516403198,1.8684569169646892e-10,-3.776167822877596e-09,-3.164344661854557e-07
2023-08-30,17,0.02578229084610939,0.0003306423604954034,0.13799238204956055,0.039486292749643326,0.16730612516403198,1.8684569169646892e-10,-3.776167822877596e-09,-3.164344661854557e-07
2023-08-31,7,0.13057146966457367,0.008782850578427315,0.02669244073331356,0.1613282412290573,0.037315964698791504,-1.530407578442805e-09,-2.4741320103771614e-12,-1.7719892184686614e-06
2023-09-01,31,0.1629212498664856,0.1665515899658203,0.003921376541256905,0.14746052026748657,0.005660386756062508,-8.845363135522033e-14,-4.319645227450486e-13,4.148233406081614e-13
2023-09-05,7,0.13057146966457367,0.008782850578427315,0.02669244073331356,0.1613282412290573,0.037315964698791504,-1.530407578442805e-09,-2.4741320103771614e-12,-1.7719892184686614e-06
2023-09-06,31,0.1629212349653244,0.1665516197681427,0.003921376541256905,0.14746049046516418,0.005660386756062508,-8.845363135522033e-14,-4.319645227450486e-13,4.148233406081614e-13
2023-09-07,17,0.02578229084610939,0.0003306423604954034,0.13799238204956055,0.039486292749643326,0.16730612516403198,1.8684569169646892e-10,-3.776167822877596e-09,-3.164344661854557e-07
2023-09-08,7,0.13057146966457367,0.008782850578427315,0.02669244073331356,0.1613282412290573,0.037315964698791504,-1.530407578442805e-09,-2.4741320103771614e-12,-1.7719892184686614e-06
2023-09-11,17,0.02578229084610939,0.0003306423604954034,0.13799238204956055,0.039486292749643326,0.16730612516403198,1.8684569169646892e-10,-3.776167822877596e-09,-3.164344661854557e-07
2023-09-12,7,0.13057146966457367,0.008782850578427315,0.02669244073331356,0.1613282412290573,0.037315964698791504,-1.530407578442805e-09,-2.4741320103771614e-12,-1.7719892184686614e-06
2023-09-13,17,0.02578229084610939,0.0003306423604954034,0.13799238204956055,0.039486292749643326,0.16730612516403198,1.8684569169646892e-10,-3.776167822877596e-09,-3.164344661854557e-07
2023-09-14,17,0.02578229084610939,0.0003306423604954034,0.13799238204956055,0.039486292749643326,0.16730612516403198,1.8684569169646892e-10,-3.776167822877596e-09,-3.164344661854557e-07
2023-09-15,31,0.1629212498664856,0.1665516495704651,0.003921376541256905,0.1474604606628418,0.005660386756062508,-8.845363135522033e-14,-4.319645227450486e-13,4.148233406081614e-13
2023-09-18,17,0.02578229084610939,0.0003306423604954034,0.13799238204956055,0.039486292749643326,0.16730612516403198,1.8684569169646892e-10,-3.776167822877596e-09,-3.164344661854557e-07
2023-09-19,31,0.1629212349653244,0.1665516197681427,0.003921374678611755,0.14746049046516418,0.005660384893417358,-8.845363135522033e-14,-4.319645227450486e-13,4.148233406081614e-13
2023-09-20,17,0.02578229084610939,0.0003306423604954034,0.13799238204956055,0.039486292749643326,0.16730612516403198,1.8684569169646892e-10,-3.776167822877596e-09,-3.164344661854557e-07
2023-09-21,7,0.13057146966457367,0.008782850578427315,0.02669244259595871,0.1613282412290573,0.037315964698791504,-1.530407578442805e-09,-2.4741320103771614e-12,-1.7719892184686614e-06
2023-09-22,7,0.13057146966457367,0.008782850578427315,0.02669244073331356,0.1613282412290573,0.037315964698791504,-1.530407578442805e-09,-2.4741320103771614e-12,-1.7719892184686614e-06
2023-09-25,17,0.02578229084610939,0.0003306423604954034,0.13799238204956055,0.039486292749643326,0.16730612516403198,1.8684569169646892e-10,-3.776167822877596e-09,-3.164344661854557e-07
2023-09-26,31,0.1629212200641632,0.1665516197681427,0.003921376541256905,0.14746049046516418,0.005660386756062508,-8.845363135522033e-14,-4.319645227450486e-13,4.148233406081614e-13
2023-09-27,7,0.13057146966457367,0.008782848715782166,0.02669244073331356,0.1613282412290573,0.037315964698791504,-1.530407578442805e-09,-2.4741320103771614e-12,-1.7719892184686614e-06
2023-09-28,17,0.02578229084610939,0.0003306423604954034,0.13799238204956055,0.039486292749643326,0.16730612516403198,1.8684569169646892e-10,-3.776167822877596e-09,-3.164344661854557e-07
2023-09-29,31,0.1629212349653244,0.1665516197681427,0.003921376541256905,0.14746049046516418,0.005660386756062508,-8.845363135522033e-14,-4.319645227450486e-13,4.148233406081614e-13
2023-10-02,31,0.1629212498664856,0.1665516197681427,0.003921376541256905,0.14746049046516418,0.005660386756062508,-8.845363135522033e-14,-4.319645227450486e-13,4.148233406081614e-13
2023-10-03,31,0.16292119026184082,0.1665515899658203,0.003921376541256905,0.14746052026748657,0.005660386756062508,-8.845363135522033e-14,-4.319645227450486e-13,4.148233406081614e-13
2023-10-04,7,0.13057146966457367,0.008782850578427315,0.02669244073331356,0.1613282412290573,0.037315964698791504,-1.530407578442805e-09,-2.4741320103771614e-12,-1.7719892184686614e-06
2023-10-05,17,0.02578229084610939,0.0003306423604954034,0.13799238204956055,0.039486292749643326,0.16730612516403198,1.8684569169646892e-10,-3.776167822877596e-09,-3.164344661854557e-07
2023-10-06,17,0.02578229084610939,0.0003306423604954034,0.13799238204956055,0.039486292749643326,0.16730612516403198,1.8684569169646892e-10,-3.776167822877596e-09,-3.164344661854557e-07
2023-10-09,17,0.02578229084610939,0.0003306423604954034,0.13799238204956055,0.039486292749643326,0.16730612516403198,1.8684569169646892e-10,-3.776167822877596e-09,-3.164344661854557e-07
2023-10-10,53,0.0239403173327446,0.0004277289845049381,0.024368785321712494,0.08578764647245407,0.043615326285362244,1.809550176368191e-09,-1.991245198951219e-06,6.336547730967368e-09
2023-10-11,31,0.1629212349653244,0.1665516197681427,0.003921376541256905,0.14746049046516418,0.005660386756062508,-8.845363135522033e-14,-4.319645227450486e-13,4.148233406081614e-13
2023-10-12,7,0.13057146966457367,0.008782850578427315,0.02669244073331356,0.1613282412290573,0.037315964698791504,-1.530407578442805e-09,-2.4741320103771614e-12,-1.7719892184686614e-06
2023-10-13,31,0.1629212498664856,0.1665515899658203,0.003921376541256905,0.14746049046516418,0.005660386756062508,-8.845363135522033e-14,-4.319645227450486e-13,4.148233406081614e-13
2023-10-16,17,0.02578229084610939,0.0003306423604954034,0.13799238204956055,0.039486292749643326,0.16730612516403198,1.8684569169646892e-10,-3.776167822877596e-09,-3.164344661854557e-07
2023-10-17,17,0.02578229084610939,0.0003306423604954034,0.13799238204956055,0.039486292749643326,0.16730612516403198,1.8684569169646892e-10,-3.776167822877596e-09,-3.164344661854557e-07
2023-10-18,7,0.13057146966457367,0.008782850578427315,0.02669244073331356,0.1613282412290573,0.037315964698791504,-1.530407578442805e-09,-2.4741320103771614e-12,-1.7719892184686614e-06
2023-10-19,7,0.13057146966457367,0.008782850578427315,0.02669244073331356,0.1613282412290573,0.037315964698791504,-1.530407578442805e-09,-2.4741320103771614e-12,-1.7719892184686614e-06
2023-10-20,31,0.1629212349653244,0.1665516197681427,0.003921376541256905,0.14746049046516418,0.005660386756062508,-8.845363135522033e-14,-4.319645227450486e-13,4.148233406081614e-13
2023-10-23,17,0.02578229084610939,0.0003306423604954034,0.13799238204956055,0.039486292749643326,0.16730612516403198,1.8684569169646892e-10,-3.776167822877596e-09,-3.164344661854557e-07
2023-10-24,7,0.13057146966457367,0.008782850578427315,0.02669244073331356,0.1613282412290573,0.037315964698791504,-1.530407578442805e-09,-2.4741320103771614e-12,-1.7719892184686614e-06
2023-10-25,31,0.1629212498664856,0.1665516197681427,0.003921376541256905,0.14746052026748657,0.005660386756062508,-8.845363135522033e-14,-4.319645227450486e-13,4.148233406081614e-13
2023-10-26,31,0.1629212349653244,0.1665516197681427,0.003921376541256905,0.14746049046516418,0.005660386756062508,-8.845363135522033e-14,-4.319645227450486e-13,4.148233406081614e-13
2023-10-27,31,0.1629212349653244,0.1665516197681427,0.003921376541256905,0.14746049046516418,0.005660386756062508,-8.845363135522033e-14,-4.319645227450486e-13,4.148233406081614e-13
2023-10-30,17,0.02578229084610939,0.0003306423604954034,0.13799238204956055,0.039486292749643326,0.16730612516403198,1.8684569169646892e-10,-3.776167822877596e-09,-3.164344661854557e-07
2023-10-31,17,0.02578229084610939,0.0003306423604954034,0.13799238204956055,0.039486292749643326,0.16730612516403198,1.8684569169646892e-10,-3.776167822877596e-09,-3.164344661854557e-07
2023-11-01,7,0.13057146966457367,0.008782850578427315,0.02669244073331356,0.1613282412290573,0.037315964698791504,-1.530407578442805e-09,-2.4741320103771614e-12,-1.7719892184686614e-06
2023-11-02,17,0.02578229084610939,0.0003306423604954034,0.13799238204956055,0.039486292749643326,0.16730612516403198,1.8684569169646892e-10,-3.776167822877596e-09,-3.164344661854557e-07
2023-11-03,17,0.02578229084610939,0.0003306423604954034,0.13799238204956055,0.039486292749643326,0.16730612516403198,1.8684569169646892e-10,-3.776167822877596e-09,-3.164344661854557e-07
2023-11-06,7,0.13057146966457367,0.008782848715782166,0.02669244073331356,0.1613282412290573,0.037315964698791504,-1.530407578442805e-09,-2.4741320103771614e-12,-1.7719892184686614e-06
2023-11-07,17,0.02578229084610939,0.0003306423604954034,0.13799238204956055,0.039486292749643326,0.16730612516403198,1.8684569169646892e-10,-3.776167822877596e-09,-3.164344661854557e-07
2023-11-08,7,0.13057146966457367,0.008782850578427315,0.02669244259595871,0.1613282412290573,0.037315964698791504,-1.530407578442805e-09,-2.4741320103771614e-12,-1.7719892184686614e-06
2023-11-09,7,0.13057146966457367,0.008782850578427315,0.02669244073331356,0.1613282412290573,0.037315964698791504,-1.530407578442805e-09,-2.4741320103771614e-12,-1.7719892184686614e-06
2023-11-10,17,0.02578229084610939,0.0003306423604954034,0.13799238204956055,0.039486292749643326,0.16730612516403198,1.8684569169646892e-10,-3.776167822877596e-09,-3.164344661854557e-07
2023-11-13,17,0.02578229084610939,0.0003306423604954034,0.13799238204956055,0.039486292749643326,0.16730612516403198,1.8684569169646892e-10,-3.776167822877596e-09,-3.164344661854557e-07
2023-11-14,17,0.02578229084610939,0.0003306423604954034,0.13799238204956055,0.039486292749643326,0.16730612516403198,1.8684569169646892e-10,-3.776167822877596e-09,-3.164344661854557e-07
2023-11-15,7,0.13057146966457367,0.008782850578427315,0.02669244073331356,0.1613282412290573,0.037315964698791504,-1.530407578442805e-09,-2.4741320103771614e-12,-1.7719892184686614e-06
2023-11-16,7,0.13057146966457367,0.008782850578427315,0.02669244073331356,0.1613282412290573,0.037315964698791504,-1.530407578442805e-09,-2.4741320103771614e-12,-1.7719892184686614e-06
2023-11-17,17,0.02578229084610939,0.0003306423604954034,0.13799238204956055,0.039486292749643326,0.16730612516403198,1.8684569169646892e-10,-3.776167822877596e-09,-3.164344661854557e-07
2023-11-20,17,0.02578229084610939,0.0003306423604954034,0.13799238204956055,0.039486292749643326,0.16730612516403198,1.8684569169646892e-10,-3.776167822877596e-09,-3.164344661854557e-07
2023-11-21,53,0.0239403173327446,0.0004277289845049381,0.024368785321712494,0.08578764647245407,0.043615322560071945,1.809550176368191e-09,-1.991245198951219e-06,6.336547730967368e-09
2023-11-22,53,0.023940319195389748,0.0004277289845049381,0.024368785321712494,0.08578764647245407,0.043615322560071945,1.809550176368191e-09,-1.991245198951219e-06,6.336547730967368e-09
2023-11-24,7,0.13057146966457367,0.008782850578427315,0.02669244259595871,0.1613282412290573,0.037315964698791504,-1.530407578442805e-09,-2.4741320103771614e-12,-1.7719892184686614e-06
2023-11-27,55,0.0033147032372653484,0.003774533048272133,0.02904624119400978,0.008745469152927399,0.033069267868995667,-0.0004294249229133129,-0.0006872911471873522,-0.0006661948282271624
2023-11-28,7,0.13057146966457367,0.008782850578427315,0.02669244073331356,0.1613282412290573,0.037315964698791504,-1.530407578442805e-09,-2.4741320103771614e-12,-1.7719892184686614e-06
2023-11-29,31,0.1629212349653244,0.1665516197681427,0.003921376541256905,0.14746049046516418,0.005660386756062508,-8.845363135522033e-14,-4.319645227450486e-13,4.148233406081614e-13
2023-11-30,31,0.1629212498664856,0.1665515899658203,0.003921376541256905,0.14746049046516418,0.005660386756062508,-8.845363135522033e-14,-4.319645227450486e-13,4.148233406081614e-13
2023-12-01,17,0.02578229084610939,0.0003306423604954034,0.13799238204956055,0.039486292749643326,0.16730612516403198,1.8684569169646892e-10,-3.776167822877596e-09,-3.164344661854557e-07
2023-12-04,7,0.13057146966457367,0.008782850578427315,0.02669244073331356,0.1613282412290573,0.037315964698791504,-1.530407578442805e-09,-2.4741320103771614e-12,-1.7719892184686614e-06
2023-12-05,53,0.0239403173327446,0.0004277289845049381,0.024368785321712494,0.08578764647245407,0.043615322560071945,1.809550176368191e-09,-1.991245198951219e-06,6.336547730967368e-09
2023-12-06,31,0.1629212349653244,0.1665516197681427,0.003921376541256905,0.14746049046516418,0.005660386756062508,-8.845363135522033e-14,-4.319645227450486e-13,4.148233406081614e-13
2023-12-07,17,0.02578229084610939,0.0003306423604954034,0.13799238204956055,0.039486292749643326,0.16730612516403198,1.8684569169646892e-10,-3.776167822877596e-09,-3.164344661854557e-07
2023-12-08,17,0.02578229084610939,0.0003306423604954034,0.13799238204956055,0.039486292749643326,0.16730612516403198,1.8684569169646892e-10,-3.776167822877596e-09,-3.164344661854557e-07
2023-12-11,17,0.02578229084610939,0.0003306423604954034,0.13799238204956055,0.039486292749643326,0.16730612516403198,1.8684569169646892e-10,-3.776167822877596e-09,-3.164344661854557e-07
2023-12-12,17,0.02578229084610939,0.0003306423604954034,0.13799238204956055,0.039486292749643326,0.16730612516403198,1.8684569169646892e-10,-3.776167822877596e-09,-3.164344661854557e-07
2023-12-13,31,0.1629212349653244,0.1665516197681427,0.003921376541256905,0.14746049046516418,0.005660386756062508,-8.845363135522033e-14,-4.319645227450486e-13,4.148233406081614e-13
2023-12-14,7,0.13057146966457367,0.008782850578427315,0.02669244073331356,0.1613282412290573,0.037315964698791504,-1.530407578442805e-09,-2.4741320103771614e-12,-1.7719892184686614e-06
2023-12-15,53,0.0239403173327446,0.0004277289845049381,0.024368783459067345,0.08578764647245407,0.043615322560071945,1.809550176368191e-09,-1.991245198951219e-06,6.336547730967368e-09
2023-12-18,17,0.02578229084610939,0.0003306423604954034,0.13799238204956055,0.039486292749643326,0.16730612516403198,1.8684569169646892e-10,-3.776167822877596e-09,-3.164344661854557e-07
2023-12-19,17,0.02578229084610939,0.0003306423604954034,0.13799238204956055,0.039486292749643326,0.16730612516403198,1.8684569169646892e-10,-3.776167822877596e-09,-3.164344661854557e-07
2023-12-20,17,0.02578229084610939,0.0003306423604954034,0.13799238204956055,0.039486292749643326,0.16730612516403198,1.8684569169646892e-10,-3.776167822877596e-09,-3.164344661854557e-07
2023-12-21,7,0.13057146966457367,0.008782850578427315,0.02669244073331356,0.1613282412290573,0.037315964698791504,-1.530407578442805e-09,-2.4741320103771614e-12,-1.7719892184686614e-06
2023-12-22,53,0.023940319195389748,0.0004277289845049381,0.024368783459067345,0.08578764647245407,0.043615322560071945,1.809550176368191e-09,-1.991245198951219e-06,6.336547730967368e-09
2023-12-26,17,0.02578229457139969,0.0003306423604954034,0.13799238204956055,0.039486292749643326,0.16730612516403198,1.8684569169646892e-10,-3.776167822877596e-09,-3.164344661854557e-07
2023-12-27,53,0.023940319195389748,0.0004277289845049381,0.024368783459067345,0.08578764647245407,0.043615322560071945,1.809550176368191e-09,-1.991245198951219e-06,6.336547730967368e-09
2023-12-28,53,0.023940319195389748,0.0004277289845049381,0.024368785321712494,0.08578764647245407,0.043615322560071945,1.809550176368191e-09,-1.991245198951219e-06,6.336547730967368e-09
2023-12-29,31,0.1629212349653244,0.1665516197681427,0.003921374678611755,0.14746049046516418,0.005660388618707657,-8.845363135522033e-14,-4.319645227450486e-13,4.148233406081614e-13
2024-01-02,7,0.13057146966457367,0.008782850578427315,0.02669244073331356,0.1613282412290573,0.037315964698791504,-1.530407578442805e-09,-2.4741320103771614e-12,-1.7719892184686614e-06
2024-01-03,53,0.023940319195389748,0.0004277289845049381,0.024368785321712494,0.08578764647245407,0.043615322560071945,1.809550176368191e-09,-1.991245198951219e-06,6.336547730967368e-09
2024-01-04,7,0.13057146966457367,0.008782850578427315,0.02669244073331356,0.1613282412290573,0.037315964698791504,-1.530407578442805e-09,-2.4741320103771614e-12,-1.7719892184686614e-06
2024-01-05,31,0.1629212349653244,0.1665516197681427,0.003921376541256905,0.14746049046516418,0.005660386756062508,-8.845363135522033e-14,-4.319645227450486e-13,4.148233406081614e-13
2024-01-08,17,0.02578229084610939,0.0003306423604954034,0.13799238204956055,0.039486292749643326,0.16730612516403198,1.8684569169646892e-10,-3.776167822877596e-09,-3.164344661854557e-07
2024-01-09,17,0.02578229084610939,0.0003306423604954034,0.13799238204956055,0.039486292749643326,0.16730612516403198,1.8684569169646892e-10,-3.776167822877596e-09,-3.164344661854557e-07
2024-01-10,17,0.02578229457139969,0.0003306423604954034,0.13799238204956055,0.039486292749643326,0.16730612516403198,1.8684569169646892e-10,-3.776167822877596e-09,-3.164344661854557e-07
2024-01-11,31,0.1629212349653244,0.1665516197681427,0.003921374678611755,0.14746049046516418,0.005660384893417358,-8.845363135522033e-14,-4.319645227450486e-13,4.148233406081614e-13
2024-01-12,31,0.1629212349653244,0.1665516197681427,0.003921376541256905,0.14746049046516418,0.005660386756062508,-8.845363135522033e-14,-4.319645227450486e-13,4.148233406081614e-13
2024-01-16,31,0.1629212349653244,0.1665516197681427,0.003921376541256905,0.14746049046516418,0.005660386756062508,-8.845363135522033e-14,-4.319645227450486e-13,4.148233406081614e-13
2024-01-17,7,0.13057146966457367,0.008782850578427315,0.02669244073331356,0.1613282412290573,0.037315964698791504,-1.530407578442805e-09,-2.4741320103771614e-12,-1.7719892184686614e-06
2024-01-18,7,0.13057146966457367,0.008782850578427315,0.02669244073331356,0.1613282412290573,0.037315964698791504,-1.530407578442805e-09,-2.4741320103771614e-12,-1.7719892184686614e-06
2024-01-19,17,0.02578229084610939,0.0003306423604954034,0.13799238204956055,0.039486292749643326,0.16730612516403198,1.8684569169646892e-10,-3.776167822877596e-09,-3.164344661854557e-07
2024-01-22,31,0.1629212349653244,0.1665516197681427,0.003921376541256905,0.14746049046516418,0.005660386756062508,-8.845363135522033e-14,-4.319645227450486e-13,4.148233406081614e-13
2024-01-23,7,0.13057146966457367,0.008782848715782166,0.02669244259595871,0.1613282412290573,0.037315964698791504,-1.530407578442805e-09,-2.4741320103771614e-12,-1.7719892184686614e-06
2024-01-24,53,0.023940319195389748,0.0004277289845049381,0.024368783459067345,0.08578764647245407,0.043615322560071945,1.809550176368191e-09,-1.991245198951219e-06,6.336547730967368e-09
2024-01-25,31,0.1629212349653244,0.1665516197681427,0.003921376541256905,0.14746049046516418,0.005660386756062508,-8.845363135522033e-14,-4.319645227450486e-13,4.148233406081614e-13
2024-01-26,31,0.1629212349653244,0.1665516197681427,0.003921376541256905,0.14746049046516418,0.005660386756062508,-8.845363135522033e-14,-4.319645227450486e-13,4.148233406081614e-13
2024-01-29,31,0.1629212349653244,0.1665516197681427,0.003921376541256905,0.14746049046516418,0.005660386756062508,-8.845363135522033e-14,-4.319645227450486e-13,4.148233406081614e-13
2024-01-30,7,0.13057146966457367,0.008782850578427315,0.02669244259595871,0.1613282412290573,0.037315964698791504,-1.530407578442805e-09,-2.4741320103771614e-12,-1.7719892184686614e-06
2024-01-31,53,0.023940319195389748,0.0004277289845049381,0.024368783459067345,0.08578764647245407,0.043615322560071945,1.809550176368191e-09,-1.991245198951219e-06,6.336547730967368e-09
2024-02-01,17,0.02578229084610939,0.0003306423604954034,0.13799238204956055,0.039486292749643326,0.16730612516403198,1.8684569169646892e-10,-3.776167822877596e-09,-3.164344661854557e-07
2024-02-02,17,0.02578229084610939,0.0003306423604954034,0.13799238204956055,0.039486292749643326,0.16730612516403198,1.8684569169646892e-10,-3.776167822877596e-09,-3.164344661854557e-07
2024-02-05,17,0.02578229084610939,0.0003306423604954034,0.13799238204956055,0.039486292749643326,0.16730612516403198,1.8684569169646892e-10,-3.776167822877596e-09,-3.164344661854557e-07
2024-02-06,7,0.13057146966457367,0.008782850578427315,0.02669244073331356,0.1613282412290573,0.037315964698791504,-1.530407578442805e-09,-2.4741320103771614e-12,-1.7719892184686614e-06
2024-02-07,17,0.02578229084610939,0.0003306423604954034,0.13799238204956055,0.039486292749643326,0.16730612516403198,1.8684569169646892e-10,-3.776167822877596e-09,-3.164344661854557e-07
2024-02-08,53,0.0239403173327446,0.0004277289845049381,0.024368785321712494,0.08578764647245407,0.043615322560071945,1.809550176368191e-09,-1.991245198951219e-06,6.336547730967368e-09
2024-02-09,17,0.02578229084610939,0.0003306423604954034,0.13799238204956055,0.039486292749643326,0.16730612516403198,1.8684569169646892e-10,-3.776167822877596e-09,-3.164344661854557e-07
2024-02-12,7,0.13057146966457367,0.008782850578427315,0.02669244073331356,0.1613282412290573,0.037315964698791504,-1.530407578442805e-09,-2.4741320103771614e-12,-1.7719892184686614e-06
2024-02-13,7,0.13057146966457367,0.008782850578427315,0.02669244073331356,0.1613282412290573,0.037315964698791504,-1.530407578442805e-09,-2.4741320103771614e-12,-1.7719892184686614e-06
2024-02-14,7,0.13057146966457367,0.008782850578427315,0.02669243887066841,0.1613282412290573,0.037315964698791504,-1.530407578442805e-09,-2.4741320103771614e-12,-1.7719892184686614e-06
2024-02-15,17,0.02578229084610939,0.0003306423604954034,0.13799238204956055,0.039486292749643326,0.16730612516403198,1.8684569169646892e-10,-3.776167822877596e-09,-3.164344661854557e-07
2024-02-16,17,0.02578229084610939,0.0003306423604954034,0.13799238204956055,0.039486292749643326,0.16730612516403198,1.8684569169646892e-10,-3.776167822877596e-09,-3.164344661854557e-07
2024-02-20,31,0.1629212349653244,0.1665516197681427,0.003921376541256905,0.14746049046516418,0.005660386756062508,-8.845363135522033e-14,-4.319645227450486e-13,4.148233406081614e-13
2024-02-21,7,0.13057146966457367,0.008782850578427315,0.02669244073331356,0.1613282412290573,0.037315964698791504,-1.530407578442805e-09,-2.4741320103771614e-12,-1.7719892184686614e-06
2024-02-22,17,0.02578229084610939,0.0003306423604954034,0.13799238204956055,0.039486292749643326,0.16730612516403198,1.8684569169646892e-10,-3.776167822877596e-09,-3.164344661854557e-07
2024-02-23,7,0.13057146966457367,0.008782850578427315,0.02669244073331356,0.1613282412290573,0.037315964698791504,-1.530407578442805e-09,-2.4741320103771614e-12,-1.7719892184686614e-06
2024-02-26,7,0.13057146966457367,0.008782848715782166,0.02669244073331356,0.1613282412290573,0.037315964698791504,-1.530407578442805e-09,-2.4741320103771614e-12,-1.7719892184686614e-06
2024-02-27,7,0.13057146966457367,0.008782850578427315,0.02669244259595871,0.1613282412290573,0.037315964698791504,-1.530407578442805e-09,-2.4741320103771614e-12,-1.7719892184686614e-06
2024-02-28,53,0.023940319195389748,0.0004277289845049381,0.024368783459067345,0.08578764647245407,0.043615322560071945,1.809550176368191e-09,-1.991245198951219e-06,6.336547730967368e-09
2024-02-29,53,0.0239403173327446,0.0004277289845049381,0.024368785321712494,0.08578764647245407,0.043615322560071945,1.809550176368191e-09,-1.991245198951219e-06,6.336547730967368e-09
2024-03-01,17,0.02578229084610939,0.0003306423604954034,0.13799238204956055,0.039486292749643326,0.16730612516403198,1.8684569169646892e-10,-3.776167822877596e-09,-3.164344661854557e-07
2024-03-04,7,0.13057146966457367,0.008782850578427315,0.02669244073331356,0.1613282412290573,0.037315964698791504,-1.530407578442805e-09,-2.4741320103771614e-12,-1.7719892184686614e-06
2024-03-05,7,0.13057146966457367,0.008782850578427315,0.02669244073331356,0.1613282412290573,0.037315964698791504,-1.530407578442805e-09,-2.4741320103771614e-12,-1.7719892184686614e-06
2024-03-06,53,0.023940319195389748,0.0004277289845049381,0.024368783459067345,0.08578764647245407,0.043615322560071945,1.809550176368191e-09,-1.991245198951219e-06,6.336547730967368e-09
2024-03-07,17,0.02578229084610939,0.0003306423604954034,0.13799238204956055,0.039486292749643326,0.16730612516403198,1.8684569169646892e-10,-3.776167822877596e-09,-3.164344661854557e-07
2024-03-08,31,0.1629212200641632,0.1665516197681427,0.003921376541256905,0.14746049046516418,0.005660386756062508,-8.845363135522033e-14,-4.319645227450486e-13,4.148233406081614e-13
2024-03-11,17,0.02578229084610939,0.0003306423604954034,0.13799238204956055,0.039486292749643326,0.16730612516403198,1.8684569169646892e-10,-3.776167822877596e-09,-3.164344661854557e-07
2024-03-12,17,0.02578229084610939,0.0003306423604954034,0.13799238204956055,0.039486292749643326,0.16730612516403198,1.8684569169646892e-10,-3.776167822877596e-09,-3.164344661854557e-07
2024-03-13,17,0.02578229084610939,0.0003306423604954034,0.13799238204956055,0.039486292749643326,0.16730612516403198,1.8684569169646892e-10,-3.776167822877596e-09,-3.164344661854557e-07
2024-03-14,7,0.13057146966457367,0.008782850578427315,0.02669244073331356,0.1613282412290573,0.037315964698791504,-1.530407578442805e-09,-2.4741320103771614e-12,-1.7719892184686614e-06
2024-03-15,7,0.13057146966457367,0.008782852441072464,0.02669244073331356,0.1613282412290573,0.037315964698791504,-1.530407578442805e-09,-2.4741320103771614e-12,-1.7719892184686614e-06
2024-03-18,7,0.13057146966457367,0.008782850578427315,0.02669244073331356,0.1613282412290573,0.037315964698791504,-1.530407578442805e-09,-2.4741320103771614e-12,-1.7719892184686614e-06
2024-03-19,17,0.02578229084610939,0.0003306423604954034,0.13799238204956055,0.039486292749643326,0.16730612516403198,1.8684569169646892e-10,-3.776167822877596e-09,-3.164344661854557e-07
2024-03-20,31,0.1629212349653244,0.1665516197681427,0.003921376541256905,0.14746049046516418,0.005660386756062508,-8.845363135522033e-14,-4.319645227450486e-13,4.148233406081614e-13
2024-03-21,53,0.023940319195389748,0.0004277289845049381,0.024368783459067345,0.08578764647245407,0.043615322560071945,1.809550176368191e-09,-1.991245198951219e-06,6.336547730967368e-09
2024-03-22,53,0.023940319195389748,0.0004277289845049381,0.024368785321712494,0.08578764647245407,0.043615322560071945,1.809550176368191e-09,-1.991245198951219e-06,6.336547730967368e-09
2024-03-25,17,0.02578229084610939,0.0003306423604954034,0.13799238204956055,0.039486292749643326,0.16730612516403198,1.8684569169646892e-10,-3.776167822877596e-09,-3.164344661854557e-07
2024-03-26,17,0.02578229084610939,0.0003306423604954034,0.13799238204956055,0.039486292749643326,0.16730612516403198,1.8684569169646892e-10,-3.776167822877596e-09,-3.164344661854557e-07
2024-03-27,31,0.1629212498664856,0.1665515899658203,0.003921376541256905,0.14746049046516418,0.005660386756062508,-8.845363135522033e-14,-4.319645227450486e-13,4.148233406081614e-13
2024-03-28,7,0.13057146966457367,0.008782850578427315,0.02669244073331356,0.1613282412290573,0.037315964698791504,-1.530407578442805e-09,-2.4741320103771614e-12,-1.7719892184686614e-06
2024-04-01,31,0.1629212498664856,0.1665515899658203,0.003921376541256905,0.14746049046516418,0.005660386756062508,-8.845363135522033e-14,-4.319645227450486e-13,4.148233406081614e-13
2024-04-02,53,0.0239403173327446,0.0004277289845049381,0.024368785321712494,0.08578764647245407,0.043615322560071945,1.809550176368191e-09,-1.991245198951219e-06,6.336547730967368e-09
2024-04-03,17,0.02578229084610939,0.0003306423604954034,0.13799238204956055,0.039486292749643326,0.16730612516403198,1.8684569169646892e-10,-3.776167822877596e-09,-3.164344661854557e-07
2024-04-04,53,0.023940319195389748,0.0004277289845049381,0.024368783459067345,0.08578764647245407,0.043615322560071945,1.809550176368191e-09,-1.991245198951219e-06,6.336547730967368e-09
2024-04-05,17,0.02578229084610939,0.0003306423604954034,0.13799238204956055,0.039486292749643326,0.16730612516403198,1.8684569169646892e-10,-3.776167822877596e-09,-3.164344661854557e-07
2024-04-08,7,0.13057146966457367,0.008782850578427315,0.02669244259595871,0.1613282412290573,0.037315964698791504,-1.530407578442805e-09,-2.4741320103771614e-12,-1.7719892184686614e-06
2024-04-09,7,0.13057146966457367,0.008782850578427315,0.02669244073331356,0.1613282412290573,0.037315964698791504,-1.530407578442805e-09,-2.4741320103771614e-12,-1.7719892184686614e-06
2024-04-10,7,0.13057146966457367,0.008782850578427315,0.02669244073331356,0.1613282412290573,0.037315964698791504,-1.530407578442805e-09,-2.4741320103771614e-12,-1.7719892184686614e-06
2024-04-11,17,0.02578229084610939,0.0003306423604954034,0.13799238204956055,0.039486292749643326,0.16730612516403198,1.8684569169646892e-10,-3.776167822877596e-09,-3.164344661854557e-07
2024-04-12,31,0.1629212498664856,0.1665516197681427,0.003921376541256905,0.1474604606628418,0.005660386756062508,-8.845363135522033e-14,-4.319645227450486e-13,4.148233406081614e-13
2024-04-15,31,0.1629212349653244,0.1665516197681427,0.003921376541256905,0.14746049046516418,0.005660386756062508,-8.845363135522033e-14,-4.319645227450486e-13,4.148233406081614e-13
2024-04-16,7,0.13057146966457367,0.008782850578427315,0.02669244073331356,0.1613282412290573,0.037315964698791504,-1.530407578442805e-09,-2.4741320103771614e-12,-1.7719892184686614e-06
2024-04-17,31,0.1629212349653244,0.1665516197681427,0.003921376541256905,0.14746049046516418,0.005660386756062508,-8.845363135522033e-14,-4.319645227450486e-13,4.148233406081614e-13
2024-04-18,31,0.1629212349653244,0.1665516197681427,0.003921376541256905,0.14746049046516418,0.005660386756062508,-8.845363135522033e-14,-4.319645227450486e-13,4.148233406081614e-13
2024-04-19,31,0.1629212349653244,0.1665516197681427,0.003921376541256905,0.14746049046516418,0.005660386756062508,-8.845363135522033e-14,-4.319645227450486e-13,4.148233406081614e-13
2024-04-22,17,0.02578229084610939,0.0003306423604954034,0.13799238204956055,0.039486292749643326,0.16730612516403198,1.8684569169646892e-10,-3.776167822877596e-09,-3.164344661854557e-07
2024-04-23,17,0.02578229084610939,0.0003306423604954034,0.13799238204956055,0.039486292749643326,0.16730612516403198,1.8684569169646892e-10,-3.776167822877596e-09,-3.164344661854557e-07
2024-04-24,7,0.13057146966457367,0.008782852441072464,0.02669244259595871,0.1613282412290573,0.037315964698791504,-1.530407578442805e-09,-2.4741320103771614e-12,-1.7719892184686614e-06
2024-04-25,17,0.02578229084610939,0.0003306423604954034,0.13799238204956055,0.039486292749643326,0.16730612516403198,1.8684569169646892e-10,-3.776167822877596e-09,-3.164344661854557e-07
2024-04-26,17,0.02578229084610939,0.0003306423604954034,0.13799238204956055,0.039486292749643326,0.16730612516403198,1.8684569169646892e-10,-3.776167822877596e-09,-3.164344661854557e-07
2024-04-29,17,0.02578229084610939,0.0003306423604954034,0.13799238204956055,0.039486292749643326,0.16730612516403198,1.8684569169646892e-10,-3.776167822877596e-09,-3.164344661854557e-07
2024-04-30,7,0.13057146966457367,0.008782850578427315,0.02669244073331356,0.1613282412290573,0.037315964698791504,-1.530407578442805e-09,-2.4741320103771614e-12,-1.7719892184686614e-06
2024-05-01,31,0.1629212498664856,0.1665515899658203,0.003921376541256905,0.14746049046516418,0.005660386756062508,-8.845363135522033e-14,-4.319645227450486e-13,4.148233406081614e-13
2024-05-02,17,0.02578229084610939,0.0003306423604954034,0.13799238204956055,0.039486292749643326,0.16730612516403198,1.8684569169646892e-10,-3.776167822877596e-09,-3.164344661854557e-07
2024-05-03,17,0.02578229084610939,0.0003306423604954034,0.13799238204956055,0.039486292749643326,0.16730612516403198,1.8684569169646892e-10,-3.776167822877596e-09,-3.164344661854557e-07
2024-05-06,7,0.13057146966457367,0.008782850578427315,0.02669244259595871,0.1613282412290573,0.037315964698791504,-1.530407578442805e-09,-2.4741320103771614e-12,-1.7719892184686614e-06
2024-05-07,7,0.13057146966457367,0.008782850578427315,0.02669244073331356,0.1613282412290573,0.037315964698791504,-1.530407578442805e-09,-2.4741320103771614e-12,-1.7719892184686614e-06
2024-05-08,17,0.02578229084610939,0.0003306423604954034,0.13799238204956055,0.039486296474933624,0.16730612516403198,1.8684569169646892e-10,-3.776167822877596e-09,-3.164344661854557e-07
2024-05-09,17,0.02578229084610939,0.0003306423604954034,0.13799238204956055,0.039486292749643326,0.16730612516403198,1.8684569169646892e-10,-3.776167822877596e-09,-3.164344661854557e-07
2024-05-10,31,0.1629212349653244,0.1665516197681427,0.003921376541256905,0.14746049046516418,0.005660386756062508,-8.845363135522033e-14,-4.319645227450486e-13,4.148233406081614e-13
2024-05-13,31,0.1629212349653244,0.1665516197681427,0.003921376541256905,0.14746049046516418,0.005660386756062508,-8.845363135522033e-14,-4.319645227450486e-13,4.148233406081614e-13
2024-05-14,31,0.1629212349653244,0.1665516197681427,0.003921374678611755,0.14746049046516418,0.005660386756062508,-8.845363135522033e-14,-4.319645227450486e-13,4.148233406081614e-13
2024-05-15,17,0.02578229084610939,0.0003306423604954034,0.13799238204956055,0.039486292749643326,0.16730612516403198,1.8684569169646892e-10,-3.776167822877596e-09,-3.164344661854557e-07
2024-05-16,7,0.13057146966457367,0.008782850578427315,0.02669244073331356,0.1613282412290573,0.037315964698791504,-1.530407578442805e-09,-2.4741320103771614e-12,-1.7719892184686614e-06
2024-05-17,55,0.0033147037029266357,0.003774533048272133,0.02904624119400978,0.008745469152927399,0.033069271594285965,-0.0004294249229133129,-0.0006872911471873522,-0.0006661948282271624
2024-05-20,7,0.13057146966457367,0.008782850578427315,0.02669244073331356,0.1613282412290573,0.037315964698791504,-1.530407578442805e-09,-2.4741320103771614e-12,-1.7719892184686614e-06
2024-05-21,17,0.02578229457139969,0.0003306423604954034,0.13799238204956055,0.039486292749643326,0.16730612516403198,1.8684569169646892e-10,-3.776167822877596e-09,-3.164344661854557e-07
2024-05-22,53,0.023940319195389748,0.0004277289845049381,0.024368783459067345,0.08578764647245407,0.043615322560071945,1.809550176368191e-09,-1.991245198951219e-06,6.336547730967368e-09
2024-05-23,7,0.13057146966457367,0.008782852441072464,0.02669244073331356,0.1613282561302185,0.037315964698791504,-1.530407578442805e-09,-2.4741320103771614e-12,-1.7719892184686614e-06
2024-05-24,17,0.02578229084610939,0.0003306423604954034,0.13799238204956055,0.039486292749643326,0.16730612516403198,1.8684569169646892e-10,-3.776167822877596e-09,-3.164344661854557e-07
2024-05-28,53,0.023940319195389748,0.0004277289845049381,0.024368785321712494,0.08578764647245407,0.043615322560071945,1.809550176368191e-09,-1.991245198951219e-06,6.336547730967368e-09
2024-05-29,17,0.02578229084610939,0.0003306423604954034,0.13799238204956055,0.039486292749643326,0.16730612516403198,1.8684569169646892e-10,-3.776167822877596e-09,-3.164344661854557e-07
2024-05-30,17,0.02578229084610939,0.0003306423604954034,0.13799238204956055,0.039486292749643326,0.16730612516403198,1.8684569169646892e-10,-3.776167822877596e-09,-3.164344661854557e-07
2024-05-31,31,0.1629212498664856,0.1665515899658203,0.003921376541256905,0.14746049046516418,0.005660386756062508,-8.845363135522033e-14,-4.319645227450486e-13,4.148233406081614e-13
2024-06-03,7,0.13057146966457367,0.008782852441072464,0.02669244073331356,0.1613282412290573,0.037315964698791504,-1.530407578442805e-09,-2.4741320103771614e-12,-1.7719892184686614e-06
2024-06-04,17,0.02578229457139969,0.00033064186573028564,0.13799238204956055,0.039486296474933624,0.16730612516403198,1.8684569169646892e-10,-3.776167822877596e-09,-3.164344661854557e-07
2024-06-05,17,0.02578229084610939,0.0003306423604954034,0.13799238204956055,0.039486292749643326,0.16730612516403198,1.8684569169646892e-10,-3.776167822877596e-09,-3.164344661854557e-07
2024-06-06,7,0.13057146966457367,0.008782850578427315,0.02669244073331356,0.1613282412290573,0.037315964698791504,-1.530407578442805e-09,-2.4741320103771614e-12,-1.7719892184686614e-06
2024-06-07,17,0.02578229084610939,0.0003306423604954034,0.13799238204956055,0.039486292749643326,0.16730612516403198,1.8684569169646892e-10,-3.776167822877596e-09,-3.164344661854557e-07
2024-06-10,17,0.02578229084610939,0.0003306423604954034,0.13799238204956055,0.039486292749643326,0.16730612516403198,1.8684569169646892e-10,-3.776167822877596e-09,-3.164344661854557e-07
2024-06-11,17,0.02578229084610939,0.0003306423604954034,0.13799238204956055,0.039486292749643326,0.16730612516403198,1.8684569169646892e-10,-3.776167822877596e-09,-3.164344661854557e-07
2024-06-12,53,0.023940319195389748,0.0004277289845049381,0.024368783459067345,0.08578764647245407,0.043615322560071945,1.809550176368191e-09,-1.991245198951219e-06,6.336547730967368e-09
2024-06-13,17,0.025782287120819092,0.00033064233139157295,0.13799238204956055,0.039486292749643326,0.16730612516403198,1.8684569169646892e-10,-3.776167822877596e-09,-3.164344661854557e-07
2024-06-14,17,0.02578229084610939,0.0003306423604954034,0.13799238204956055,0.039486292749643326,0.16730612516403198,1.8684569169646892e-10,-3.776167822877596e-09,-3.164344661854557e-07
2024-06-17,17,0.02578229084610939,0.0003306423604954034,0.13799238204956055,0.039486292749643326,0.16730612516403198,1.8684569169646892e-10,-3.776167822877596e-09,-3.164344661854557e-07
2024-06-18,53,0.023940319195389748,0.0004277289845049381,0.024368785321712494,0.08578764647245407,0.043615322560071945,1.809550176368191e-09,-1.991245198951219e-06,6.336547730967368e-09
2024-06-20,7,0.13057146966457367,0.008782852441072464,0.02669244073331356,0.1613282412290573,0.037315964698791504,-1.530407578442805e-09,-2.4741320103771614e-12,-1.7719892184686614e-06
2024-06-21,7,0.13057146966457367,0.008782850578427315,0.02669244073331356,0.1613282412290573,0.037315964698791504,-1.530407578442805e-09,-2.4741320103771614e-12,-1.7719892184686614e-06
2024-06-24,7,0.13057146966457367,0.008782850578427315,0.02669244073331356,0.1613282412290573,0.037315964698791504,-1.530407578442805e-09,-2.4741320103771614e-12,-1.7719892184686614e-06
2024-06-25,17,0.025782287120819092,0.0003306423604954034,0.13799238204956055,0.039486292749643326,0.16730612516403198,1.8684569169646892e-10,-3.776167822877596e-09,-3.164344661854557e-07
2024-06-26,53,0.0239403173327446,0.0004277289845049381,0.024368781596422195,0.08578764647245407,0.043615322560071945,1.809550176368191e-09,-1.991245198951219e-06,6.336547730967368e-09
2024-06-27,7,0.13057146966457367,0.008782850578427315,0.02669244073331356,0.1613282412290573,0.037315964698791504,-1.530407578442805e-09,-2.4741320103771614e-12,-1.7719892184686614e-06
2024-06-28,7,0.13057146966457367,0.008782850578427315,0.02669244073331356,0.1613282412290573,0.037315964698791504,-1.530407578442805e-09,-2.4741320103771614e-12,-1.7719892184686614e-06
2024-07-01,17,0.02578229084610939,0.0003306423604954034,0.13799238204956055,0.039486292749643326,0.16730612516403198,1.8684569169646892e-10,-3.776167822877596e-09,-3.164344661854557e-07
2024-07-02,17,0.02578229084610939,0.0003306423604954034,0.13799238204956055,0.039486292749643326,0.16730612516403198,1.8684569169646892e-10,-3.776167822877596e-09,-3.164344661854557e-07
2024-07-03,17,0.02578229084610939,0.0003306423604954034,0.13799238204956055,0.039486292749643326,0.16730612516403198,1.8684569169646892e-10,-3.776167822877596e-09,-3.164344661854557e-07
2024-07-05,17,0.02578229084610939,0.0003306423604954034,0.13799238204956055,0.039486292749643326,0.16730612516403198,1.8684569169646892e-10,-3.776167822877596e-09,-3.164344661854557e-07
2024-07-08,31,0.1629212349653244,0.1665516197681427,0.003921376541256905,0.14746049046516418,0.005660386756062508,-8.845363135522033e-14,-4.319645227450486e-13,4.148233406081614e-13
2024-07-09,31,0.1629212349653244,0.1665516197681427,0.003921376541256905,0.14746049046516418,0.005660386756062508,-8.845363135522033e-14,-4.319645227450486e-13,4.148233406081614e-13
2024-07-10,17,0.02578229084610939,0.0003306423604954034,0.13799238204956055,0.039486292749643326,0.16730612516403198,1.8684569169646892e-10,-3.776167822877596e-09,-3.164344661854557e-07
2024-07-11,31,0.16292119026184082,0.1665515899658203,0.003921376541256905,0.1474604606628418,0.005660386756062508,-8.845363135522033e-14,-4.319645227450486e-13,4.148233406081614e-13
2024-07-12,17,0.02578229084610939,0.0003306423604954034,0.13799238204956055,0.039486292749643326,0.16730612516403198,1.8684569169646892e-10,-3.776167822877596e-09,-3.164344661854557e-07
2024-07-15,7,0.13057146966457367,0.008782850578427315,0.02669244073331356,0.1613282412290573,0.037315964698791504,-1.530407578442805e-09,-2.4741320103771614e-12,-1.7719892184686614e-06
2024-07-16,7,0.13057146966457367,0.008782850578427315,0.02669244073331356,0.1613282412290573,0.037315964698791504,-1.530407578442805e-09,-2.4741320103771614e-12,-1.7719892184686614e-06
2024-07-17,31,0.1629212498664856,0.1665516495704651,0.003921376541256905,0.14746049046516418,0.005660386756062508,-8.845363135522033e-14,-4.319645227450486e-13,4.148233406081614e-13
2024-07-18,31,0.1629212200641632,0.1665516197681427,0.003921376541256905,0.14746049046516418,0.005660386756062508,-8.845363135522033e-14,-4.319645227450486e-13,4.148233406081614e-13
2024-07-19,31,0.1629212498664856,0.1665515899658203,0.003921376541256905,0.14746049046516418,0.005660386756062508,-8.845363135522033e-14,-4.319645227450486e-13,4.148233406081614e-13
2024-07-22,17,0.02578229084610939,0.0003306423604954034,0.13799238204956055,0.039486292749643326,0.16730612516403198,1.8684569169646892e-10,-3.776167822877596e-09,-3.164344661854557e-07
2024-07-23,7,0.13057146966457367,0.008782850578427315,0.02669244259595871,0.1613282412290573,0.037315964698791504,-1.530407578442805e-09,-2.4741320103771614e-12,-1.7719892184686614e-06
2024-07-24,31,0.1629212349653244,0.1665516197681427,0.003921376541256905,0.14746049046516418,0.005660386756062508,-8.845363135522033e-14,-4.319645227450486e-13,4.148233406081614e-13
2024-07-25,17,0.02578229084610939,0.0003306423604954034,0.13799238204956055,0.039486292749643326,0.16730612516403198,1.8684569169646892e-10,-3.776167822877596e-09,-3.164344661854557e-07
2024-07-26,17,0.02578229084610939,0.0003306423604954034,0.13799238204956055,0.039486292749643326,0.16730612516403198,1.8684569169646892e-10,-3.776167822877596e-09,-3.164344661854557e-07
2024-07-29,53,0.023940319195389748,0.0004277289845049381,0.024368785321712494,0.08578764647245407,0.043615322560071945,1.809550176368191e-09,-1.991245198951219e-06,6.336547730967368e-09
2024-07-30,31,0.1629212498664856,0.1665516495704651,0.003921376541256905,0.14746049046516418,0.005660386756062508,-8.845363135522033e-14,-4.319645227450486e-13,4.148233406081614e-13
2024-07-31,7,0.13057146966457367,0.008782850578427315,0.02669244073331356,0.1613282412290573,0.037315964698791504,-1.530407578442805e-09,-2.4741320103771614e-12,-1.7719892184686614e-06
2024-08-01,31,0.1629212498664856,0.1665515899658203,0.003921376541256905,0.14746052026748657,0.005660386756062508,-8.845363135522033e-14,-4.319645227450486e-13,4.148233406081614e-13
2024-08-02,31,0.1629212349653244,0.1665516197681427,0.003921376541256905,0.14746049046516418,0.005660386756062508,-8.845363135522033e-14,-4.319645227450486e-13,4.148233406081614e-13
2024-08-05,17,0.02578229084610939,0.0003306423604954034,0.13799238204956055,0.039486292749643326,0.16730612516403198,1.8684569169646892e-10,-3.776167822877596e-09,-3.164344661854557e-07
2024-08-06,17,0.02578229084610939,0.0003306423604954034,0.13799238204956055,0.039486292749643326,0.16730612516403198,1.8684569169646892e-10,-3.776167822877596e-09,-3.164344661854557e-07
2024-08-07,31,0.1629212349653244,0.1665516197681427,0.003921376541256905,0.14746049046516418,0.005660386756062508,-8.845363135522033e-14,-4.319645227450486e-13,4.148233406081614e-13
2024-08-08,17,0.02578229084610939,0.0003306423604954034,0.13799238204956055,0.039486292749643326,0.16730612516403198,1.8684569169646892e-10,-3.776167822877596e-09,-3.164344661854557e-07
2024-08-09,17,0.02578229084610939,0.0003306423604954034,0.13799238204956055,0.039486292749643326,0.16730612516403198,1.8684569169646892e-10,-3.776167822877596e-09,-3.164344661854557e-07
2024-08-12,7,0.13057146966457367,0.008782850578427315,0.02669244073331356,0.1613282412290573,0.037315964698791504,-1.530407578442805e-09,-2.4741320103771614e-12,-1.7719892184686614e-06
2024-08-13,17,0.02578229084610939,0.0003306423604954034,0.13799238204956055,0.039486292749643326,0.16730612516403198,1.8684569169646892e-10,-3.776167822877596e-09,-3.164344661854557e-07
2024-08-14,17,0.02578229084610939,0.0003306423604954034,0.13799238204956055,0.039486292749643326,0.16730612516403198,1.8684569169646892e-10,-3.776167822877596e-09,-3.164344661854557e-07
2024-08-15,17,0.02578229084610939,0.0003306423604954034,0.13799238204956055,0.039486292749643326,0.16730612516403198,1.8684569169646892e-10,-3.776167822877596e-09,-3.164344661854557e-07
2024-08-16,17,0.02578229084610939,0.0003306423604954034,0.13799238204956055,0.039486292749643326,0.16730612516403198,1.8684569169646892e-10,-3.776167822877596e-09,-3.164344661854557e-07
2024-08-19,17,0.02578229084610939,0.0003306423604954034,0.13799238204956055,0.039486292749643326,0.16730612516403198,1.8684569169646892e-10,-3.776167822877596e-09,-3.164344661854557e-07
2024-08-20,31,0.1629212349653244,0.1665516197681427,0.003921376541256905,0.14746049046516418,0.005660386756062508,-8.845363135522033e-14,-4.319645227450486e-13,4.148233406081614e-13
2024-08-21,17,0.02578229084610939,0.0003306423604954034,0.13799238204956055,0.039486292749643326,0.16730612516403198,1.8684569169646892e-10,-3.776167822877596e-09,-3.164344661854557e-07
2024-08-22,31,0.1629212498664856,0.1665516197681427,0.003921376541256905,0.14746049046516418,0.005660386756062508,-8.845363135522033e-14,-4.319645227450486e-13,4.148233406081614e-13
2024-08-23,17,0.02578229457139969,0.0003306423604954034,0.13799238204956055,0.039486292749643326,0.16730612516403198,1.8684569169646892e-10,-3.776167822877596e-09,-3.164344661854557e-07
2024-08-26,31,0.1629212498664856,0.1665516197681427,0.003921376541256905,0.14746049046516418,0.005660386756062508,-8.845363135522033e-14,-4.319645227450486e-13,4.148233406081614e-13
2024-08-27,17,0.02578229084610939,0.0003306423604954034,0.13799238204956055,0.039486292749643326,0.16730612516403198,1.8684569169646892e-10,-3.776167822877596e-09,-3.164344661854557e-07
2024-08-28,31,0.1629212349653244,0.1665516197681427,0.003921376541256905,0.14746049046516418,0.005660386756062508,-8.845363135522033e-14,-4.319645227450486e-13,4.148233406081614e-13
2024-08-29,53,0.023940319195389748,0.0004277289845049381,0.024368783459067345,0.08578764647245407,0.043615322560071945,1.809550176368191e-09,-1.991245198951219e-06,6.336547730967368e-09
2024-08-30,31,0.1629212349653244,0.1665516197681427,0.003921376541256905,0.14746049046516418,0.005660386756062508,-8.845363135522033e-14,-4.319645227450486e-13,4.148233406081614e-13
2024-09-03,7,0.13057146966457367,0.008782850578427315,0.02669244073331356,0.1613282412290573,0.037315964698791504,-1.530407578442805e-09,-2.4741320103771614e-12,-1.7719892184686614e-06
2024-09-04,31,0.1629212349653244,0.1665516197681427,0.003921376541256905,0.14746049046516418,0.005660386756062508,-8.845363135522033e-14,-4.319645227450486e-13,4.148233406081614e-13
2024-09-05,31,0.1629212498664856,0.1665516197681427,0.003921376541256905,0.14746049046516418,0.005660386756062508,-8.845363135522033e-14,-4.319645227450486e-13,4.148233406081614e-13
2024-09-06,31,0.16292119026184082,0.1665515899658203,0.003921376541256905,0.1474604606628418,0.005660386756062508,-8.845363135522033e-14,-4.319645227450486e-13,4.148233406081614e-13
2024-09-09,17,0.02578229084610939,0.0003306423604954034,0.13799238204956055,0.039486292749643326,0.16730612516403198,1.8684569169646892e-10,-3.776167822877596e-09,-3.164344661854557e-07
2024-09-10,17,0.02578229457139969,0.0003306423604954034,0.13799238204956055,0.039486292749643326,0.16730612516403198,1.8684569169646892e-10,-3.776167822877596e-09,-3.164344661854557e-07
2024-09-11,17,0.02578229084610939,0.0003306423604954034,0.13799238204956055,0.039486292749643326,0.16730612516403198,1.8684569169646892e-10,-3.776167822877596e-09,-3.164344661854557e-07
2024-09-12,17,0.02578229084610939,0.0003306423604954034,0.13799238204956055,0.039486292749643326,0.16730612516403198,1.8684569169646892e-10,-3.776167822877596e-09,-3.164344661854557e-07
2024-09-13,17,0.02578229084610939,0.0003306423604954034,0.13799238204956055,0.039486292749643326,0.16730612516403198,1.8684569169646892e-10,-3.776167822877596e-09,-3.164344661854557e-07
2024-09-16,17,0.02578229084610939,0.0003306423604954034,0.13799238204956055,0.039486292749643326,0.16730612516403198,1.8684569169646892e-10,-3.776167822877596e-09,-3.164344661854557e-07
2024-09-17,31,0.1629212349653244,0.1665516197681427,0.003921376541256905,0.14746049046516418,0.005660386756062508,-8.845363135522033e-14,-4.319645227450486e-13,4.148233406081614e-13
2024-09-18,31,0.1629212349653244,0.1665516197681427,0.003921376541256905,0.14746049046516418,0.005660386756062508,-8.845363135522033e-14,-4.319645227450486e-13,4.148233406081614e-13
2024-09-19,17,0.02578229084610939,0.0003306423604954034,0.13799238204956055,0.039486292749643326,0.16730612516403198,1.8684569169646892e-10,-3.776167822877596e-09,-3.164344661854557e-07
2024-09-20,55,0.0033147037029266357,0.003774533048272133,0.02904624119400978,0.008745469152927399,0.033069271594285965,-0.0004294249229133129,-0.0006872911471873522,-0.0006661948282271624
2024-09-23,7,0.13057146966457367,0.008782850578427315,0.02669244073331356,0.1613282412290573,0.037315964698791504,-1.530407578442805e-09,-2.4741320103771614e-12,-1.7719892184686614e-06
2024-09-24,17,0.02578229084610939,0.0003306423604954034,0.13799238204956055,0.039486292749643326,0.16730612516403198,1.8684569169646892e-10,-3.776167822877596e-09,-3.164344661854557e-07
2024-09-25,31,0.1629212349653244,0.1665516197681427,0.003921376541256905,0.14746049046516418,0.005660386756062508,-8.845363135522033e-14,-4.319645227450486e-13,4.148233406081614e-13
2024-09-26,7,0.13057146966457367,0.008782850578427315,0.02669244073331356,0.1613282412290573,0.037315964698791504,-1.530407578442805e-09,-2.4741320103771614e-12,-1.7719892184686614e-06
2024-09-27,7,0.13057146966457367,0.008782850578427315,0.02669244073331356,0.1613282412290573,0.037315964698791504,-1.530407578442805e-09,-2.4741320103771614e-12,-1.7719892184686614e-06
2024-09-30,7,0.13057146966457367,0.008782850578427315,0.02669244073331356,0.1613282412290573,0.037315964698791504,-1.530407578442805e-09,-2.4741320103771614e-12,-1.7719892184686614e-06
2024-10-01,7,0.13057146966457367,0.008782848715782166,0.02669244073331356,0.1613282412290573,0.037315964698791504,-1.530407578442805e-09,-2.4741320103771614e-12,-1.7719892184686614e-06
2024-10-02,17,0.02578229084610939,0.0003306423604954034,0.13799238204956055,0.039486292749643326,0.16730612516403198,1.8684569169646892e-10,-3.776167822877596e-09,-3.164344661854557e-07
2024-10-03,31,0.1629212349653244,0.1665516197681427,0.003921376541256905,0.14746049046516418,0.005660386756062508,-8.845363135522033e-14,-4.319645227450486e-13,4.148233406081614e-13
2024-10-04,53,0.0239403173327446,0.0004277289845049381,0.024368785321712494,0.08578764647245407,0.043615322560071945,1.809550176368191e-09,-1.991245198951219e-06,6.336547730967368e-09
2024-10-07,53,0.023940319195389748,0.0004277289845049381,0.024368783459067345,0.08578764647245407,0.043615322560071945,1.809550176368191e-09,-1.991245198951219e-06,6.336547730967368e-09
2024-10-08,17,0.02578229457139969,0.0003306423604954034,0.13799238204956055,0.039486292749643326,0.16730612516403198,1.8684569169646892e-10,-3.776167822877596e-09,-3.164344661854557e-07
2024-10-09,17,0.02578229084610939,0.0003306423604954034,0.13799238204956055,0.039486292749643326,0.16730612516403198,1.8684569169646892e-10,-3.776167822877596e-09,-3.164344661854557e-07
2024-10-10,7,0.13057146966457367,0.008782850578427315,0.02669244073331356,0.1613282412290573,0.037315964698791504,-1.530407578442805e-09,-2.4741320103771614e-12,-1.7719892184686614e-06
2024-10-11,17,0.02578229084610939,0.0003306423604954034,0.13799238204956055,0.039486292749643326,0.16730612516403198,1.8684569169646892e-10,-3.776167822877596e-09,-3.164344661854557e-07
2024-10-14,17,0.02578229084610939,0.0003306423604954034,0.13799238204956055,0.039486292749643326,0.16730612516403198,1.8684569169646892e-10,-3.776167822877596e-09,-3.164344661854557e-07
2024-10-15,31,0.1629212349653244,0.1665516197681427,0.003921376541256905,0.14746049046516418,0.005660386756062508,-8.845363135522033e-14,-4.319645227450486e-13,4.148233406081614e-13
2024-10-16,17,0.02578229084610939,0.0003306423604954034,0.13799238204956055,0.039486292749643326,0.16730612516403198,1.8684569169646892e-10,-3.776167822877596e-09,-3.164344661854557e-07
2024-10-17,31,0.1629212349653244,0.1665516197681427,0.003921376541256905,0.14746049046516418,0.005660386756062508,-8.845363135522033e-14,-4.319645227450486e-13,4.148233406081614e-13
2024-10-18,17,0.02578229084610939,0.0003306423604954034,0.13799238204956055,0.039486292749643326,0.16730612516403198,1.8684569169646892e-10,-3.776167822877596e-09,-3.164344661854557e-07
2024-10-21,53,0.0239403173327446,0.0004277289845049381,0.024368785321712494,0.08578764647245407,0.043615322560071945,1.809550176368191e-09,-1.991245198951219e-06,6.336547730967368e-09
2024-10-22,17,0.02578229084610939,0.0003306423604954034,0.13799238204956055,0.039486292749643326,0.16730612516403198,1.8684569169646892e-10,-3.776167822877596e-09,-3.164344661854557e-07
2024-10-23,7,0.13057146966457367,0.008782848715782166,0.02669244073331356,0.1613282412290573,0.037315964698791504,-1.530407578442805e-09,-2.4741320103771614e-12,-1.7719892184686614e-06
2024-10-24,17,0.02578229084610939,0.0003306423604954034,0.13799238204956055,0.039486292749643326,0.16730612516403198,1.8684569169646892e-10,-3.776167822877596e-09,-3.164344661854557e-07
2024-10-25,7,0.13057146966457367,0.008782848715782166,0.02669244073331356,0.1613282412290573,0.037315964698791504,-1.530407578442805e-09,-2.4741320103771614e-12,-1.7719892184686614e-06
2024-10-28,31,0.1629212349653244,0.1665516197681427,0.003921376541256905,0.14746049046516418,0.005660386756062508,-8.845363135522033e-14,-4.319645227450486e-13,4.148233406081614e-13
2024-10-29,17,0.02578229084610939,0.0003306423604954034,0.13799238204956055,0.039486292749643326,0.16730612516403198,1.8684569169646892e-10,-3.776167822877596e-09,-3.164344661854557e-07
2024-10-30,7,0.13057146966457367,0.008782850578427315,0.02669244073331356,0.1613282412290573,0.037315964698791504,-1.530407578442805e-09,-2.4741320103771614e-12,-1.7719892184686614e-06
2024-10-31,31,0.1629212349653244,0.1665516197681427,0.003921376541256905,0.14746049046516418,0.005660386756062508,-8.845363135522033e-14,-4.319645227450486e-13,4.148233406081614e-13
2024-11-01,7,0.13057146966457367,0.008782848715782166,0.02669244073331356,0.1613282412290573,0.037315964698791504,-1.530407578442805e-09,-2.4741320103771614e-12,-1.7719892184686614e-06
2024-11-04,7,0.13057146966457367,0.008782850578427315,0.02669244073331356,0.1613282412290573,0.037315964698791504,-1.530407578442805e-09,-2.4741320103771614e-12,-1.7719892184686614e-06
2024-11-05,17,0.02578229084610939,0.0003306423604954034,0.13799238204956055,0.039486292749643326,0.16730612516403198,1.8684569169646892e-10,-3.776167822877596e-09,-3.164344661854557e-07
2024-11-06,17,0.02578229084610939,0.0003306423604954034,0.13799238204956055,0.039486292749643326,0.16730612516403198,1.8684569169646892e-10,-3.776167822877596e-09,-3.164344661854557e-07
2024-11-07,17,0.02578229084610939,0.0003306423604954034,0.13799238204956055,0.039486292749643326,0.16730612516403198,1.8684569169646892e-10,-3.776167822877596e-09,-3.164344661854557e-07
2024-11-08,17,0.02578229084610939,0.0003306423604954034,0.13799238204956055,0.039486292749643326,0.16730612516403198,1.8684569169646892e-10,-3.776167822877596e-09,-3.164344661854557e-07
2024-11-11,7,0.13057146966457367,0.008782848715782166,0.02669244073331356,0.1613282412290573,0.037315964698791504,-1.530407578442805e-09,-2.4741320103771614e-12,-1.7719892184686614e-06
2024-11-12,7,0.13057146966457367,0.008782850578427315,0.02669244259595871,0.1613282412290573,0.037315964698791504,-1.530407578442805e-09,-2.4741320103771614e-12,-1.7719892184686614e-06
2024-11-13,17,0.02578229084610939,0.0003306423604954034,0.13799238204956055,0.039486292749643326,0.16730612516403198,1.8684569169646892e-10,-3.776167822877596e-09,-3.164344661854557e-07
2024-11-14,7,0.13057146966457367,0.008782850578427315,0.02669244073331356,0.1613282412290573,0.037315964698791504,-1.530407578442805e-09,-2.4741320103771614e-12,-1.7719892184686614e-06
2024-11-15,31,0.1629212498664856,0.1665515899658203,0.003921376541256905,0.14746052026748657,0.005660386756062508,-8.845363135522033e-14,-4.319645227450486e-13,4.148233406081614e-13
2024-11-18,17,0.02578229084610939,0.0003306423604954034,0.13799238204956055,0.039486292749643326,0.16730612516403198,1.8684569169646892e-10,-3.776167822877596e-09,-3.164344661854557e-07
2024-11-19,17,0.02578229084610939,0.0003306423604954034,0.13799238204956055,0.039486292749643326,0.16730612516403198,1.8684569169646892e-10,-3.776167822877596e-09,-3.164344661854557e-07
2024-11-20,7,0.13057146966457367,0.008782850578427315,0.02669244073331356,0.1613282412290573,0.037315964698791504,-1.530407578442805e-09,-2.4741320103771614e-12,-1.7719892184686614e-06
2024-11-21,17,0.02578229084610939,0.0003306423604954034,0.13799238204956055,0.039486292749643326,0.16730612516403198,1.8684569169646892e-10,-3.776167822877596e-09,-3.164344661854557e-07
2024-11-22,17,0.02578229084610939,0.0003306423604954034,0.13799238204956055,0.039486292749643326,0.16730612516403198,1.8684569169646892e-10,-3.776167822877596e-09,-3.164344661854557e-07
2024-11-25,31,0.1629212498664856,0.1665516197681427,0.003921376541256905,0.14746049046516418,0.005660386756062508,-8.845363135522033e-14,-4.319645227450486e-13,4.148233406081614e-13
2024-11-26,17,0.02578229084610939,0.0003306423604954034,0.13799238204956055,0.039486292749643326,0.16730612516403198,1.8684569169646892e-10,-3.776167822877596e-09,-3.164344661854557e-07
2024-11-27,31,0.1629212349653244,0.1665516197681427,0.003921376541256905,0.14746049046516418,0.005660386756062508,-8.845363135522033e-14,-4.319645227450486e-13,4.148233406081614e-13
2024-11-29,17,0.02578229084610939,0.0003306423604954034,0.13799238204956055,0.039486292749643326,0.16730612516403198,1.8684569169646892e-10,-3.776167822877596e-09,-3.164344661854557e-07
2024-12-02,17,0.02578229084610939,0.0003306423604954034,0.13799238204956055,0.039486292749643326,0.16730612516403198,1.8684569169646892e-10,-3.776167822877596e-09,-3.164344661854557e-07
2024-12-03,17,0.02578229084610939,0.0003306423604954034,0.13799238204956055,0.039486292749643326,0.16730612516403198,1.8684569169646892e-10,-3.776167822877596e-09,-3.164344661854557e-07
2024-12-04,7,0.13057146966457367,0.008782850578427315,0.02669244259595871,0.1613282412290573,0.037315964698791504,-1.530407578442805e-09,-2.4741320103771614e-12,-1.7719892184686614e-06
2024-12-05,7,0.13057146966457367,0.008782850578427315,0.02669244073331356,0.1613282412290573,0.037315964698791504,-1.530407578442805e-09,-2.4741320103771614e-12,-1.7719892184686614e-06
2024-12-06,31,0.1629212200641632,0.1665516197681427,0.003921376541256905,0.14746049046516418,0.005660386756062508,-8.845363135522033e-14,-4.319645227450486e-13,4.148233406081614e-13
2024-12-09,31,0.1629212498664856,0.1665516197681427,0.003921376541256905,0.14746049046516418,0.005660386756062508,-8.845363135522033e-14,-4.319645227450486e-13,4.148233406081614e-13
2024-12-10,7,0.13057146966457367,0.008782850578427315,0.02669244073331356,0.1613282412290573,0.037315964698791504,-1.530407578442805e-09,-2.4741320103771614e-12,-1.7719892184686614e-06
2024-12-11,17,0.02578229084610939,0.0003306423604954034,0.13799238204956055,0.039486292749643326,0.16730612516403198,1.8684569169646892e-10,-3.776167822877596e-09,-3.164344661854557e-07
2024-12-12,7,0.13057146966457367,0.008782850578427315,0.02669244073331356,0.1613282412290573,0.037315964698791504,-1.530407578442805e-09,-2.4741320103771614e-12,-1.7719892184686614e-06
2024-12-13,31,0.1629212498664856,0.1665516495704651,0.003921376541256905,0.14746049046516418,0.005660386756062508,-8.845363135522033e-14,-4.319645227450486e-13,4.148233406081614e-13
2024-12-16,17,0.02578229084610939,0.0003306423604954034,0.13799238204956055,0.039486292749643326,0.16730612516403198,1.8684569169646892e-10,-3.776167822877596e-09,-3.164344661854557e-07
2024-12-17,7,0.13057146966457367,0.008782850578427315,0.02669244073331356,0.1613282412290573,0.037315964698791504,-1.530407578442805e-09,-2.4741320103771614e-12,-1.7719892184686614e-06
2024-12-18,17,0.02578229084610939,0.0003306423604954034,0.13799238204956055,0.039486292749643326,0.16730612516403198,1.8684569169646892e-10,-3.776167822877596e-09,-3.164344661854557e-07
2024-12-19,7,0.13057146966457367,0.008782850578427315,0.02669244073331356,0.1613282412290573,0.037315964698791504,-1.530407578442805e-09,-2.4741320103771614e-12,-1.7719892184686614e-06
2024-12-20,17,0.02578229084610939,0.0003306423604954034,0.13799238204956055,0.039486292749643326,0.16730612516403198,1.8684569169646892e-10,-3.776167822877596e-09,-3.164344661854557e-07
2024-12-23,17,0.02578229084610939,0.0003306423604954034,0.13799238204956055,0.039486292749643326,0.16730612516403198,1.8684569169646892e-10,-3.776167822877596e-09,-3.164344661854557e-07
2024-12-24,17,0.02578229084610939,0.0003306423604954034,0.13799238204956055,0.039486292749643326,0.16730612516403198,1.8684569169646892e-10,-3.776167822877596e-09,-3.164344661854557e-07
2024-12-26,17,0.02578229084610939,0.0003306423604954034,0.13799238204956055,0.039486292749643326,0.16730612516403198,1.8684569169646892e-10,-3.776167822877596e-09,-3.164344661854557e-07
2024-12-27,31,0.1629212349653244,0.1665516197681427,0.003921376541256905,0.14746049046516418,0.005660386756062508,-8.845363135522033e-14,-4.319645227450486e-13,4.148233406081614e-13
2024-12-30,17,0.02578229084610939,0.0003306423604954034,0.13799238204956055,0.039486292749643326,0.16730612516403198,1.8684569169646892e-10,-3.776167822877596e-09,-3.164344661854557e-07
2024-12-31,31,0.1629212498664856,0.1665515899658203,0.003921376541256905,0.14746049046516418,0.005660386756062508,-8.845363135522033e-14,-4.319645227450486e-13,4.148233406081614e-13
