date,ohlcv_summary
2023-01-03,"open: 366.6838, high: 367.5803, low: 366.6066, close: 367.1368, volume: 7288884.0"
2023-01-04,"open: 368.9878, high: 370.1735, low: 367.4996, close: 369.9325, volume: 9596476.0"
2023-01-05,"open: 365.9704, high: 366.2837, low: 365.2811, close: 365.7487, volume: 8692053.0"
2023-01-06,"open: 374.4007, high: 375.0707, low: 373.7789, close: 374.0681, volume: 14273923.0"
2023-01-09,"open: 374.3863, high: 374.5694, low: 373.7211, close: 373.9098, volume: 8907434.0"
2023-01-10,"open: 375.4852, high: 376.5939, low: 375.2828, close: 376.5746, volume: 7865567.0"
2023-01-11,"open: 380.3839, high: 381.3658, low: 379.8523, close: 381.2694, volume: 9414838.0"
2023-01-12,"open: 382.4117, high: 382.8696, low: 381.6164, close: 382.6575, volume: 8310350.0"
2023-01-13,"open: 383.9686, high: 384.7398, low: 383.8433, close: 384.1325, volume: 8433936.0"
2023-01-17,"open: 383.6216, high: 383.8626, low: 382.8648, close: 383.448, volume: 8080788.0"
2023-01-18,"open: 378.6761, high: 378.7243, low: 377.2012, close: 377.4518, volume: 12230446.0"
2023-01-19,"open: 376.2179, high: 376.2661, low: 374.5212, close: 374.6948, volume: 11604687.0"
2023-01-20,"open: 380.9512, high: 381.7899, low: 380.6138, close: 381.5875, volume: 11379589.0"
2023-01-23,"open: 385.4436, high: 386.5715, low: 385.0965, close: 386.1762, volume: 9054859.0"
2023-01-24,"open: 386.1377, high: 386.2341, low: 384.923, close: 385.7713, volume: 5420448.0"
2023-01-25,"open: 385.5882, high: 385.9738, low: 384.8555, close: 385.9545, volume: 8026454.0"
2023-01-26,"open: 389.3334, high: 390.3504, low: 388.9815, close: 390.148, volume: 7664083.0"
2023-01-27,"open: 392.9629, high: 393.2087, low: 390.9577, close: 391.0831, volume: 9879497.0"
2023-01-30,"open: 386.263, high: 387.1113, low: 385.8774, close: 386.2148, volume: 11316347.0"
2023-01-31,"open: 389.2226, high: 391.9025, low: 389.2081, close: 391.8254, volume: 18305394.0"
2023-02-01,"open: 396.4527, high: 398.7856, low: 395.2283, close: 396.0092, volume: 16116246.0"
2023-02-02,"open: 400.3087, high: 401.803, low: 399.7303, close: 401.7837, volume: 10993290.0"
2023-02-03,"open: 397.542, high: 398.0433, low: 396.7515, close: 397.5227, volume: 8108967.0"
2023-02-06,"open: 394.4668, high: 395.5176, low: 394.0137, close: 395.1512, volume: 7254642.0"
2023-02-07,"open: 399.7544, high: 401.5041, low: 399.2387, close: 400.2412, volume: 10762550.0"
2023-02-08,"open: 395.7682, high: 396.3755, low: 395.5272, close: 395.8839, volume: 9484813.0"
2023-02-09,"open: 392.1435, high: 393.5144, low: 391.2084, close: 392.4809, volume: 13348644.0"
2023-02-10,"open: 392.4944, high: 393.7438, low: 392.4809, close: 393.3485, volume: 7486009.0"
2023-02-13,"open: 397.1371, high: 397.9854, low: 397.1178, close: 397.9662, volume: 11122450.0"
2023-02-14,"open: 398.2361, high: 398.8145, low: 397.648, close: 397.8216, volume: 9539863.0"
2023-02-15,"open: 397.9517, high: 399.1037, low: 397.8788, close: 399.0941, volume: 6205892.0"
2023-02-16,"open: 394.5825, high: 394.8042, low: 393.4546, close: 393.6377, volume: 13181354.0"
2023-02-17,"open: 391.9073, high: 392.8087, low: 391.7579, close: 392.5869, volume: 8943000.0"
2023-02-21,"open: 385.2122, high: 385.7617, low: 384.547, close: 384.7687, volume: 10769923.0"
2023-02-22,"open: 383.2649, high: 384.3639, low: 382.7347, close: 384.2385, volume: 10705991.0"
2023-02-23,"open: 386.9474, high: 387.1692, low: 386.0027, close: 386.2341, volume: 9994163.0"
2023-02-24,"open: 382.1466, high: 382.3201, low: 380.8356, close: 382.1273, volume: 16901136.0"
2023-02-27,"open: 383.3324, high: 383.4577, low: 382.4744, close: 383.4191, volume: 10351530.0"
2023-02-28,"open: 382.7877, high: 383.1155, low: 381.9249, close: 381.9442, volume: 14900862.0"
2023-03-01,"open: 380.0161, high: 380.9609, low: 379.9294, close: 380.5753, volume: 9021410.0"
2023-03-02,"open: 383.1299, high: 384.3446, low: 383.0142, close: 383.477, volume: 12113657.0"
2023-03-03,"open: 389.4732, high: 389.6852, low: 388.9622, close: 389.5985, volume: 11747716.0"
2023-03-06,"open: 389.5599, high: 390.2347, low: 389.4924, close: 389.907, volume: 7790266.0"
2023-03-07,"open: 383.9204, high: 384.8073, low: 383.7758, close: 383.9301, volume: 13020068.0"
2023-03-08,"open: 382.9178, high: 384.7977, low: 382.8889, close: 384.5663, volume: 8658284.0"
2023-03-09,"open: 377.3844, high: 378.8593, low: 377.1241, close: 377.5, volume: 19364023.0"
2023-03-10,"open: 372.786, high: 372.9595, low: 370.8194, close: 372.0341, volume: 17305391.0"
2023-03-13,"open: 372.063, high: 373.7693, low: 371.1905, close: 371.4267, volume: 12633259.0"
2023-03-14,"open: 374.2417, high: 378.0688, low: 373.9717, close: 377.5964, volume: 22418281.0"
2023-03-15,"open: 374.743, high: 375.3503, low: 372.8535, close: 375.3406, volume: 17637801.0"
2023-03-16,"open: 381.7321, high: 382.2045, low: 381.0958, close: 381.7803, volume: 17450289.0"
2023-03-17,"open: 378.1451, high: 378.1838, low: 376.8774, close: 377.5258, volume: 12224663.0"
2023-03-20,"open: 380.2741, high: 381.4139, low: 380.158, close: 380.9612, volume: 9982023.0"
2023-03-21,"open: 385.3741, high: 386.5258, low: 385.1903, close: 386.0032, volume: 13860821.0"
2023-03-22,"open: 386.0225, high: 386.3032, low: 379.4225, close: 379.4903, volume: 17438401.0"
2023-03-23,"open: 379.1612, high: 382.2483, low: 378.5999, close: 380.429, volume: 15626708.0"
2023-03-24,"open: 382.6935, high: 383.0709, low: 381.6967, close: 382.9548, volume: 11319911.0"
2023-03-27,"open: 384.8516, high: 385.0161, low: 383.0709, close: 383.6612, volume: 11013594.0"
2023-03-28,"open: 381.9193, high: 382.9548, low: 381.6193, close: 382.887, volume: 6931109.0"
2023-03-29,"open: 388.2725, high: 388.6451, low: 387.8419, close: 388.3935, volume: 12235425.0"
2023-03-30,"open: 390.4258, high: 390.7548, low: 390.2903, close: 390.6774, volume: 9387555.0"
2023-03-31,"open: 395.7677, high: 396.4838, low: 394.8774, close: 396.1548, volume: 19393357.0"
2023-04-03,"open: 397.5822, high: 397.9258, low: 397.258, close: 397.6741, volume: 8296753.0"
2023-04-04,"open: 394.6354, high: 395.5258, low: 394.3354, close: 395.5161, volume: 7366453.0"
2023-04-05,"open: 394.0838, high: 394.7032, low: 394.0548, close: 394.4999, volume: 7235794.0"
2023-04-06,"open: 395.7096, high: 396.058, low: 395.5645, close: 395.9999, volume: 8328850.0"
2023-04-10,"open: 395.5451, high: 396.4741, low: 395.458, close: 396.4451, volume: 7456204.0"
2023-04-11,"open: 397.7225, high: 397.7999, low: 396.029, close: 396.4935, volume: 9670799.0"
2023-04-12,"open: 394.4419, high: 395.3128, low: 394.2967, close: 394.9064, volume: 11783029.0"
2023-04-13,"open: 400.2483, high: 400.4903, low: 399.8032, close: 400.108, volume: 11800608.0"
2023-04-14,"open: 398.5161, high: 399.4693, low: 398.4096, close: 399.1838, volume: 8155336.0"
2023-04-17,"open: 400.1516, high: 400.6064, low: 399.7258, close: 400.587, volume: 9458048.0"
2023-04-18,"open: 400.7128, high: 401.2209, low: 400.5638, close: 400.858, volume: 8427300.0"
2023-04-19,"open: 401.129, high: 401.2596, low: 400.287, close: 400.8483, volume: 6845073.0"
2023-04-20,"open: 397.1322, high: 398.6612, low: 397.1274, close: 398.5935, volume: 10757912.0"
2023-04-21,"open: 398.5451, high: 399.0774, low: 398.2472, close: 398.8838, volume: 8448984.0"
2023-04-24,"open: 398.998, high: 399.329, low: 398.6128, close: 399.3193, volume: 9214866.0"
2023-04-25,"open: 393.7838, high: 394.0161, low: 392.9225, close: 393.0193, volume: 12575463.0"
2023-04-26,"open: 391.2677, high: 391.8967, low: 390.7548, close: 391.3258, volume: 10617316.0"
2023-04-27,"open: 399.029, high: 399.3387, low: 398.8161, close: 399.0967, volume: 13177674.0"
2023-04-28,"open: 401.5306, high: 402.5225, low: 401.2645, close: 402.5128, volume: 11577999.0"
2023-05-01,"open: 402.387, high: 402.6677, low: 401.8693, close: 402.1258, volume: 8821750.0"
2023-05-02,"open: 398.0709, high: 398.0951, low: 397.2193, close: 397.6161, volume: 11378325.0"
2023-05-03,"open: 395.6322, high: 395.8451, low: 394.6161, close: 394.829, volume: 13263560.0"
2023-05-04,"open: 392.2209, high: 393.2032, low: 391.7322, close: 392.0999, volume: 9039582.0"
2023-05-05,"open: 399.7741, high: 399.8806, low: 398.8741, close: 399.2999, volume: 14082492.0"
2023-05-08,"open: 399.2516, high: 399.7741, low: 399.1548, close: 399.4741, volume: 5440581.0"
2023-05-09,"open: 398.2161, high: 398.4096, low: 397.558, close: 397.7032, volume: 6780011.0"
2023-05-10,"open: 399.8516, high: 400.4419, low: 399.2612, close: 399.4838, volume: 12474674.0"
2023-05-11,"open: 398.6806, high: 398.9999, low: 398.187, close: 398.8645, volume: 7294671.0"
2023-05-12,"open: 397.1612, high: 398.3903, low: 397.1516, close: 398.3322, volume: 9099542.0"
2023-05-15,"open: 399.4403, high: 399.7064, low: 399.1451, close: 399.687, volume: 6233135.0"
2023-05-16,"open: 398.4193, high: 398.4967, low: 397.0064, close: 397.0161, volume: 7782980.0"
2023-05-17,"open: 401.2741, high: 402.1064, low: 401.0999, close: 401.8161, volume: 11091656.0"
2023-05-18,"open: 404.3128, high: 406.1322, low: 404.2548, close: 405.7064, volume: 16346565.0"
2023-05-19,"open: 404.6951, high: 405.4741, low: 404.5064, close: 405.1064, volume: 8674576.0"
2023-05-22,"open: 405.5322, high: 405.5709, low: 404.908, close: 405.2709, volume: 8098748.0"
2023-05-23,"open: 401.3806, high: 401.6903, low: 400.6935, close: 400.7322, volume: 14116167.0"
2023-05-24,"open: 398.6903, high: 399.5032, low: 397.4903, close: 397.829, volume: 15215958.0"
2023-05-25,"open: 401.8935, high: 402.2709, low: 397.7724, close: 401.2548, volume: 13268254.0"
2023-05-26,"open: 406.6064, high: 406.9257, low: 406.2387, close: 406.4322, volume: 15036022.0"
2023-05-30,"open: 406.7177, high: 407.0322, low: 406.0819, close: 406.6161, volume: 11588779.0"
2023-05-31,"open: 404.7193, high: 405.6096, low: 404.0999, close: 404.3516, volume: 30666391.0"
2023-06-01,"open: 408.2854, high: 408.3677, low: 407.2935, close: 408.2032, volume: 15362808.0"
2023-06-02,"open: 414.2854, high: 414.5806, low: 413.9128, close: 414.1064, volume: 16839535.0"
2023-06-05,"open: 413.3999, high: 413.9032, low: 413.2064, close: 413.3225, volume: 10087617.0"
2023-06-06,"open: 414.3096, high: 414.7521, low: 413.4841, close: 414.2322, volume: 11508823.0"
2023-06-07,"open: 413.1338, high: 413.3709, low: 412.3693, close: 412.8387, volume: 17694520.0"
2023-06-08,"open: 415.1322, high: 415.7419, low: 414.9822, close: 415.2822, volume: 9208128.0"
2023-06-09,"open: 416.2451, high: 416.4193, low: 415.7419, close: 416.0225, volume: 10810731.0"
2023-06-12,"open: 419.2645, high: 419.8838, low: 419.0709, close: 419.7967, volume: 15635950.0"
2023-06-13,"open: 422.2596, high: 422.6951, low: 422.0328, close: 422.5741, volume: 10984362.0"
2023-06-14,"open: 422.5741, high: 423.087, low: 421.0935, close: 423.0774, volume: 13473713.0"
2023-06-15,"open: 428.8451, high: 429.1548, low: 427.7999, close: 428.3225, volume: 20694556.0"
2023-06-16,"open: 426.9762, high: 427.7338, low: 426.3934, close: 426.8402, volume: 14528210.0"
2023-06-20,"open: 424.9266, high: 425.4512, low: 424.5769, close: 424.7032, volume: 12660367.0"
2023-06-21,"open: 423.2365, high: 423.3326, low: 422.1729, close: 422.4691, volume: 15398277.0"
2023-06-22,"open: 423.1005, high: 424.1107, low: 422.8625, close: 424.033, volume: 11277885.0"
2023-06-23,"open: 420.7207, high: 421.5463, low: 420.5556, close: 420.7984, volume: 16963638.0"
2023-06-26,"open: 420.2447, high: 420.4487, low: 418.8363, close: 419.0694, volume: 16901504.0"
2023-06-27,"open: 424.2273, high: 424.2953, low: 423.5862, close: 423.6444, volume: 11893919.0"
2023-06-28,"open: 422.8577, high: 423.9261, low: 422.6925, close: 423.8776, volume: 13229633.0"
2023-06-29,"open: 425.1209, high: 425.6163, low: 424.6207, close: 425.5871, volume: 11658724.0"
2023-06-30,"open: 431.2987, high: 431.5707, low: 430.4827, close: 430.5507, volume: 19150975.0"
2023-07-03,"open: 431.0753, high: 431.4055, low: 431.0753, close: 431.3084, volume: 937881.0"
2023-07-05,"open: 430.9976, high: 431.046, low: 430.3953, close: 430.4439, volume: 6781779.0"
2023-07-06,"open: 427.151, high: 427.3841, low: 426.879, close: 427.0733, volume: 10173325.0"
2023-07-07,"open: 427.6658, high: 427.9135, low: 425.7426, close: 425.9572, volume: 20967753.0"
2023-07-10,"open: 426.4225, high: 427.0733, low: 426.0437, close: 427.0636, volume: 12051357.0"
2023-07-11,"open: 428.8897, high: 430.2788, low: 428.5498, close: 429.8028, volume: 15142637.0"
2023-07-12,"open: 432.882, high: 433.4162, low: 432.8043, close: 433.2317, volume: 18022734.0"
2023-07-13,"open: 436.9034, high: 437.4765, low: 436.6508, close: 436.6508, volume: 13699505.0"
2023-07-14,"open: 436.2623, high: 436.476, low: 435.6406, close: 436.408, volume: 10291376.0"
2023-07-17,"open: 438.5935, high: 438.5984, low: 437.6902, close: 437.9379, volume: 10132627.0"
2023-07-18,"open: 441.459, high: 441.8281, low: 441.0802, close: 441.1773, volume: 18285908.0"
2023-07-19,"open: 442.7509, high: 442.7558, low: 441.9932, close: 442.0904, volume: 8815425.0"
2023-07-20,"open: 438.5838, high: 439.4483, low: 438.5789, close: 439.2249, volume: 11136254.0"
2023-07-21,"open: 439.7106, high: 439.7786, low: 439.2152, close: 439.2346, volume: 13247776.0"
2023-07-24,"open: 440.4974, high: 441.2259, low: 440.4585, close: 441.187, volume: 9378289.0"
2023-07-25,"open: 442.916, high: 443.0423, low: 442.2749, close: 442.3624, volume: 10544115.0"
2023-07-26,"open: 441.4833, high: 442.4886, low: 441.0462, close: 442.4595, volume: 14946834.0"
2023-07-27,"open: 439.7689, high: 440.1574, low: 438.6129, close: 439.5163, volume: 15573351.0"
2023-07-28,"open: 443.5814, high: 444.0816, low: 443.256, close: 443.8194, volume: 14886584.0"
2023-07-31,"open: 443.596, high: 444.7227, low: 442.9792, close: 444.6742, volume: 13635371.0"
2023-08-01,"open: 443.596, high: 443.8291, low: 443.12, close: 443.3871, volume: 7554452.0"
2023-08-02,"open: 436.5417, high: 437.7776, low: 436.4759, close: 437.2433, volume: 16705905.0"
2023-08-03,"open: 436.3594, high: 436.7674, low: 435.932, close: 435.9806, volume: 8612837.0"
2023-08-04,"open: 434.3002, high: 434.543, low: 433.4842, close: 433.999, volume: 17661831.0"
2023-08-07,"open: 436.8645, high: 437.9476, low: 436.7382, close: 437.7873, volume: 8858833.0"
2023-08-08,"open: 435.7232, high: 436.3594, low: 435.3492, close: 435.8932, volume: 10617661.0"
2023-08-09,"open: 434.9752, high: 435.0287, low: 432.6683, close: 432.9791, volume: 18504898.0"
2023-08-10,"open: 433.4065, high: 433.4065, low: 432.2749, close: 433.154, volume: 12336831.0"
2023-08-11,"open: 433.086, high: 433.3774, low: 432.2409, close: 432.814, volume: 10865632.0"
2023-08-14,"open: 434.0476, high: 435.2715, low: 433.9116, close: 435.2521, volume: 7518160.0"
2023-08-15,"open: 429.9776, high: 430.6867, low: 429.628, close: 430.2496, volume: 15829746.0"
2023-08-16,"open: 427.5298, high: 428.0252, low: 426.9373, close: 427.0345, volume: 16606027.0"
2023-08-17,"open: 424.2953, high: 424.6935, low: 423.489, close: 423.761, volume: 17060849.0"
2023-08-18,"open: 423.6444, high: 425.0335, low: 423.3822, close: 423.9553, volume: 16617912.0"
2023-08-21,"open: 426.8159, high: 427.5007, low: 426.5294, close: 426.7528, volume: 10876282.0"
2023-08-22,"open: 425.9271, high: 425.9368, low: 425.0335, close: 425.558, volume: 10194515.0"
2023-08-23,"open: 430.4925, high: 430.7353, low: 429.7737, close: 430.2788, volume: 13002023.0"
2023-08-24,"open: 426.1165, high: 426.3448, low: 424.339, close: 424.4021, volume: 17399826.0"
2023-08-25,"open: 428.2972, high: 428.5303, low: 426.9373, close: 427.3453, volume: 14032749.0"
2023-08-28,"open: 429.1326, high: 430.6964, low: 428.9966, close: 430.0359, volume: 9312649.0"
2023-08-29,"open: 436.3011, high: 436.5731, low: 435.8835, close: 436.272, volume: 15905961.0"
2023-08-30,"open: 437.9719, high: 438.2487, low: 437.6222, close: 438.069, volume: 10018350.0"
2023-08-31,"open: 438.2244, high: 438.7392, low: 437.2628, close: 437.3793, volume: 14465298.0"
2023-09-01,"open: 438.0884, high: 438.3701, low: 437.6707, close: 438.2827, volume: 8885609.0"
2023-09-05,"open: 436.9617, high: 437.4765, low: 436.3011, close: 436.3788, volume: 8459228.0"
2023-09-06,"open: 433.0617, high: 433.6105, low: 432.9403, close: 433.4065, volume: 9259760.0"
2023-09-07,"open: 432.1972, high: 432.7848, low: 431.8281, close: 432.0952, volume: 12844812.0"
2023-09-08,"open: 431.9349, high: 432.8431, low: 431.8135, close: 432.746, volume: 10168762.0"
2023-09-11,"open: 435.7378, high: 435.7863, low: 435.1841, close: 435.6309, volume: 6876023.0"
2023-09-12,"open: 432.8626, high: 433.4259, low: 432.8528, close: 433.1928, volume: 11461361.0"
2023-09-13,"open: 433.2025, high: 433.9796, low: 433.1977, close: 433.7173, volume: 9285674.0"
2023-09-14,"open: 437.4085, high: 437.7387, low: 437.217, close: 437.4862, volume: 15211749.0"
2023-09-15,"open: 432.5463, high: 432.8095, low: 431.7664, close: 432.1271, volume: 19561673.0"
2023-09-18,"open: 432.3708, high: 432.5561, low: 432.015, close: 432.4683, volume: 9704427.0"
2023-09-19,"open: 431.357, high: 432.0199, low: 431.1231, close: 431.6007, volume: 8529655.0"
2023-09-20,"open: 429.7778, high: 429.8266, low: 427.3895, close: 427.5357, volume: 18076563.0"
2023-09-21,"open: 421.2287, high: 421.5114, low: 420.3708, close: 420.5463, volume: 24523229.0"
2023-09-22,"open: 421.7063, high: 421.8915, low: 419.162, close: 419.5422, volume: 20711144.0"
2023-09-25,"open: 420.1954, high: 421.3846, low: 419.9711, close: 421.3359, volume: 8535509.0"
2023-09-26,"open: 414.5317, high: 415.3115, low: 414.3757, close: 415.1068, volume: 17403821.0"
2023-09-27,"open: 415.7794, high: 415.8672, low: 414.1564, close: 415.292, volume: 13769313.0"
2023-09-28,"open: 418.8745, high: 418.9378, low: 417.1929, close: 417.7388, volume: 13923685.0"
2023-09-29,"open: 416.8225, high: 418.0751, low: 415.9939, close: 416.6275, volume: 20068503.0"
2023-10-02,"open: 415.0629, high: 416.608, low: 414.8961, close: 416.5983, volume: 12761400.0"
2023-10-03,"open: 410.0183, high: 411.1198, low: 409.7063, close: 411.0516, volume: 15043839.0"
2023-10-04,"open: 413.7323, high: 414.7168, low: 413.5081, close: 414.015, volume: 14584015.0"
2023-10-05,"open: 414.1807, high: 414.2782, low: 413.5227, close: 413.7713, volume: 7713383.0"
2023-10-06,"open: 419.9224, high: 420.0979, low: 418.5674, close: 418.7039, volume: 18020366.0"
2023-10-09,"open: 421.3651, high: 421.4041, low: 420.6925, close: 421.3846, volume: 10553978.0"
2023-10-10,"open: 423.7973, high: 424.1824, low: 423.3879, close: 423.539, volume: 12005826.0"
2023-10-11,"open: 424.4553, high: 425.5861, low: 424.3383, close: 425.3229, volume: 11041239.0"
2023-10-12,"open: 422.4716, high: 423.3538, low: 422.4667, close: 422.7786, volume: 9687559.0"
2023-10-13,"open: 420.2246, high: 420.8095, low: 419.4935, close: 420.6828, volume: 16454448.0"
2023-10-16,"open: 425.8883, high: 425.9565, low: 424.7965, close: 425.0305, volume: 15685483.0"
2023-10-17,"open: 424.5235, high: 425.1328, low: 423.9094, close: 425.1084, volume: 10703998.0"
2023-10-18,"open: 419.63, high: 419.937, low: 418.2847, close: 419.4155, volume: 17847539.0"
2023-10-19,"open: 416.0329, high: 416.6519, low: 415.0044, close: 415.6917, volume: 19236877.0"
2023-10-20,"open: 411.6948, high: 411.9289, low: 410.4764, close: 410.6031, volume: 19792921.0"
2023-10-23,"open: 410.4569, high: 410.7396, low: 409.6576, close: 409.8623, volume: 16420536.0"
2023-10-24,"open: 413.3716, high: 413.4984, low: 412.8452, close: 412.9525, volume: 11552243.0"
2023-10-25,"open: 407.4204, high: 407.9175, low: 406.8891, close: 407.0938, volume: 16537546.0"
2023-10-26,"open: 403.7599, high: 403.8477, low: 401.9029, close: 402.2002, volume: 20596859.0"
2023-10-27,"open: 400.0702, high: 400.5625, low: 398.9053, close: 400.3871, volume: 20014522.0"
2023-10-30,"open: 405.7486, high: 405.924, low: 404.9979, close: 405.1149, volume: 16617044.0"
2023-10-31,"open: 407.7226, high: 407.9711, low: 407.0646, close: 407.6982, volume: 16086753.0"
2023-11-01,"open: 412.1726, high: 412.8355, low: 411.8704, close: 412.0556, volume: 17944187.0"
2023-11-02,"open: 419.4253, high: 420.0638, low: 419.3863, close: 419.9029, volume: 18092205.0"
2023-11-03,"open: 424.5041, high: 424.5625, low: 423.7144, close: 423.7242, volume: 18040426.0"
2023-11-06,"open: 424.0751, high: 424.7673, low: 423.7534, close: 424.6795, volume: 10725587.0"
2023-11-07,"open: 426.2002, high: 426.5658, low: 425.2254, close: 425.8688, volume: 11993160.0"
2023-11-08,"open: 425.9273, high: 426.7754, low: 425.7229, close: 426.1905, volume: 10540767.0"
2023-11-09,"open: 422.8566, high: 423.1149, low: 422.4862, close: 422.9443, volume: 12782507.0"
2023-11-10,"open: 429.2758, high: 429.8266, low: 429.1344, close: 429.5049, volume: 19024217.0"
2023-11-13,"open: 429.6511, high: 429.6803, low: 429.0175, close: 429.1149, volume: 6001520.0"
2023-11-14,"open: 438.5414, high: 438.6097, low: 437.0012, close: 437.4106, volume: 16228830.0"
2023-11-15,"open: 438.7461, high: 439.0288, low: 437.8981, close: 438.3075, volume: 13930574.0"
2023-11-16,"open: 438.2977, high: 438.9801, low: 438.1542, close: 438.8729, volume: 11620900.0"
2023-11-17,"open: 439.7307, high: 439.7697, low: 438.8631, close: 439.4285, volume: 11388931.0"
2023-11-20,"open: 443.5715, high: 443.5812, low: 442.4894, close: 442.8014, volume: 16386026.0"
2023-11-21,"open: 441.8607, high: 442.0703, low: 441.4854, close: 441.8558, volume: 7235630.0"
2023-11-22,"open: 443.8152, high: 443.9419, low: 443.5228, close: 443.5715, volume: 7993823.0"
2023-11-24,"open: 443.8347, high: 444.1174, low: 443.747, close: 443.9663, volume: 551923.0"
2023-11-27,"open: 443.5081, high: 443.8444, low: 442.9281, close: 443.0548, volume: 10255527.0"
2023-11-28,"open: 442.9379, high: 443.6397, low: 442.8014, close: 443.4253, volume: 11033529.0"
2023-11-29,"open: 442.9964, high: 443.2206, low: 442.7624, close: 443.1718, volume: 10481050.0"
2023-11-30,"open: 442.6747, high: 445.2579, low: 442.6113, close: 444.8193, volume: 21461914.0"
2023-12-01,"open: 447.4903, high: 447.7535, low: 443.911, close: 447.4756, volume: 11600721.0"
2023-12-04,"open: 444.5512, high: 445.4305, low: 444.3319, close: 445.1604, volume: 11096602.0"
2023-12-05,"open: 445.0435, high: 445.1312, low: 444.6048, close: 445.0825, volume: 14225717.0"
2023-12-06,"open: 443.5325, high: 443.746, low: 442.8696, close: 443.2596, volume: 14670587.0"
2023-12-07,"open: 446.7592, high: 446.9249, low: 446.4277, close: 446.6714, volume: 9886670.0"
2023-12-08,"open: 448.7868, high: 449.1426, low: 448.4651, close: 448.5431, volume: 12484683.0"
2023-12-11,"open: 449.8591, high: 450.5317, low: 449.7811, close: 450.3367, volume: 10467043.0"
2023-12-12,"open: 452.4034, high: 452.5106, low: 451.9159, close: 452.4716, volume: 10707195.0"
2023-12-13,"open: 457.0532, high: 458.6909, low: 456.6828, close: 458.5934, volume: 17050100.0"
2023-12-14,"open: 459.5975, high: 460.1726, low: 459.2271, close: 460.1142, volume: 15653348.0"
2023-12-15,"open: 459.4429, high: 460.7104, low: 458.9877, close: 459.4086, volume: 25331070.0"
2023-12-18,"open: 462.6875, high: 462.6924, low: 460.9551, close: 462.0024, volume: 10425075.0"
2023-12-19,"open: 464.1263, high: 464.8408, low: 463.9795, close: 464.743, volume: 7908360.0"
2023-12-20,"open: 459.3205, high: 464.8039, low: 457.8915, close: 458.0383, volume: 23945329.0"
2023-12-21,"open: 461.8947, high: 462.9371, low: 461.6207, close: 462.6386, volume: 13645271.0"
2023-12-22,"open: 463.8816, high: 463.9012, low: 462.9371, close: 463.5684, volume: 10345821.0"
2023-12-26,"open: 466.0937, high: 466.3286, low: 465.203, close: 465.4966, volume: 12987895.0"
2023-12-27,"open: 465.5358, high: 466.4558, low: 465.0757, close: 466.3971, volume: 11988602.0"
2023-12-28,"open: 466.7788, high: 467.2144, low: 466.1524, close: 466.5635, volume: 16367859.0"
2023-12-29,"open: 465.6728, high: 465.6826, low: 464.42, close: 465.2617, volume: 23612904.0"
2024-01-02,"open: 460.911, high: 462.6386, low: 460.681, close: 462.5701, volume: 24786576.0"
2024-01-03,"open: 459.3156, high: 459.8246, low: 458.2341, close: 458.7822, volume: 18962556.0"
2024-01-04,"open: 458.3222, high: 458.7328, low: 457.1379, close: 457.3532, volume: 19959508.0"
2024-01-05,"open: 457.0204, high: 458.3515, low: 456.531, close: 458.0285, volume: 10991711.0"
2024-01-08,"open: 463.6076, high: 464.6744, low: 463.1182, close: 464.4885, volume: 16779132.0"
2024-01-09,"open: 463.7103, high: 464.1361, low: 462.8931, close: 463.7838, volume: 12763114.0"
2024-01-10,"open: 466.1328, high: 466.7201, low: 465.0953, close: 466.4069, volume: 10955623.0"
2024-01-11,"open: 465.8, high: 466.5831, low: 465.4477, close: 466.2111, volume: 9311899.0"
2024-01-12,"open: 466.0839, high: 466.7788, low: 465.9762, close: 466.5488, volume: 8577469.0"
2024-01-16,"open: 463.9893, high: 464.9779, low: 463.7201, close: 464.8702, volume: 12332012.0"
2024-01-17,"open: 460.8866, high: 462.5799, low: 460.8376, close: 462.252, volume: 9859492.0"
2024-01-18,"open: 466.2992, high: 466.9354, low: 465.8, close: 466.3482, volume: 13887123.0"
2024-01-19,"open: 471.9076, high: 472.2404, low: 466.4239, close: 472.1817, volume: 15288379.0"
2024-01-22,"open: 473.8309, high: 473.9141, low: 473.1115, close: 473.2583, volume: 10079820.0"
2024-01-23,"open: 474.3643, high: 474.8097, low: 474.0511, close: 474.5895, volume: 9108057.0"
2024-01-24,"open: 475.2159, high: 476.0772, low: 474.7167, close: 475.0201, volume: 16348106.0"
2024-01-25,"open: 476.224, high: 477.6824, low: 476.1017, close: 477.6432, volume: 11327068.0"
2024-01-26,"open: 477.1294, high: 477.33, low: 476.6889, close: 477.1245, volume: 10250168.0"
2024-01-29,"open: 480.5208, high: 480.9368, low: 479.9727, close: 480.8341, volume: 12492129.0"
2024-01-30,"open: 480.9466, high: 481.0102, low: 480.3055, close: 480.4425, volume: 8971678.0"
2024-01-31,"open: 474.3986, high: 474.5112, low: 472.6417, close: 472.6711, volume: 32003728.0"
2024-02-01,"open: 478.3187, high: 478.8471, low: 477.7411, close: 478.8471, volume: 11082199.0"
2024-02-02,"open: 485.3805, high: 485.3854, low: 483.7704, close: 483.7802, volume: 14846966.0"
2024-02-05,"open: 483.1831, high: 483.467, low: 482.0673, close: 482.126, volume: 11787282.0"
2024-02-06,"open: 482.6937, high: 483.5551, low: 482.1799, close: 483.4865, volume: 6657456.0"
2024-02-07,"open: 487.5778, high: 487.6953, low: 487.0493, close: 487.4799, volume: 10623362.0"
2024-02-08,"open: 487.8421, high: 488.1259, low: 487.294, close: 487.8225, volume: 10229204.0"
2024-02-09,"open: 490.4652, high: 490.7001, low: 490.0639, close: 490.5435, volume: 10171244.0"
2024-02-12,"open: 490.2841, high: 490.6022, low: 489.9269, close: 490.3086, volume: 10826333.0"
2024-02-13,"open: 480.9075, high: 483.7214, low: 480.7851, close: 483.6529, volume: 24311142.0"
2024-02-14,"open: 487.4218, high: 488.4783, low: 486.9124, close: 488.0427, volume: 11190651.0"
2024-02-15,"open: 490.984, high: 491.3951, low: 490.5142, close: 491.2972, volume: 11712303.0"
2024-02-16,"open: 489.9563, high: 490.0346, low: 488.3902, close: 488.8894, volume: 8786024.0"
2024-02-20,"open: 486.1782, high: 486.2907, low: 484.5926, close: 486.1978, volume: 15456135.0"
2024-02-21,"open: 483.9368, high: 486.8144, low: 483.9172, close: 486.6186, volume: 13860427.0"
2024-02-22,"open: 496.9545, high: 497.5271, low: 496.563, close: 496.7588, volume: 13006647.0"
2024-02-23,"open: 497.1405, high: 497.9627, low: 496.9349, close: 497.0426, volume: 12132956.0"
2024-02-26,"open: 496.1226, high: 496.2106, low: 495.1242, close: 495.2514, volume: 10344538.0"
2024-02-27,"open: 496.0002, high: 496.3966, low: 495.6723, close: 496.1128, volume: 10323611.0"
2024-02-28,"open: 495.3787, high: 495.5255, low: 494.6152, close: 495.4472, volume: 11920413.0"
2024-02-29,"open: 497.3558, high: 498.9219, low: 497.1601, close: 497.2188, volume: 21692359.0"
2024-03-01,"open: 502.005, high: 502.2497, low: 501.7114, close: 501.9561, volume: 10813081.0"
2024-03-04,"open: 502.6314, high: 502.7684, low: 501.3003, close: 501.3786, volume: 10732469.0"
2024-03-05,"open: 494.2922, high: 496.6022, low: 494.1944, close: 496.3868, volume: 13629527.0"
2024-03-06,"open: 498.3737, high: 499.4406, low: 497.7767, close: 498.9806, volume: 12133245.0"
2024-03-07,"open: 503.6885, high: 504.7064, low: 503.6298, close: 503.943, volume: 9229357.0"
2024-03-08,"open: 501.0654, high: 502.2105, low: 500.8598, close: 500.899, volume: 9933454.0"
2024-03-11,"open: 500.0328, high: 500.7424, low: 499.7049, close: 500.4096, volume: 9873559.0"
2024-03-12,"open: 506.1452, high: 506.3997, low: 505.5629, close: 505.8418, volume: 9112470.0"
2024-03-13,"open: 504.2366, high: 505.3523, low: 504.0996, close: 505.0392, volume: 10363268.0"
2024-03-14,"open: 501.7603, high: 504.0506, low: 500.9577, close: 504.0213, volume: 25699868.0"
2024-03-15,"open: 500.8656, high: 500.9453, low: 499.9721, close: 500.4827, volume: 14575531.0"
2024-03-18,"open: 504.5278, high: 505.4676, low: 503.1336, close: 503.5558, volume: 21322055.0"
2024-03-19,"open: 505.1857, high: 506.6241, low: 505.0679, close: 506.3933, volume: 10921378.0"
2024-03-20,"open: 510.9294, high: 511.1651, low: 509.6727, close: 510.9687, volume: 13557518.0"
2024-03-21,"open: 513.3006, high: 513.6688, low: 512.4316, close: 512.628, volume: 9685761.0"
2024-03-22,"open: 512.2255, high: 512.8735, low: 511.764, close: 511.8033, volume: 14611155.0"
2024-03-25,"open: 510.8411, high: 511.2436, low: 510.2323, close: 510.3698, volume: 11452616.0"
2024-03-26,"open: 510.7625, high: 510.7969, low: 508.9854, close: 509.2407, volume: 20754429.0"
2024-03-27,"open: 511.4351, high: 513.6982, low: 510.9196, close: 513.6688, volume: 24127513.0"
2024-03-28,"open: 514.9353, high: 515.0826, low: 513.4331, close: 513.6197, volume: 17303027.0"
2024-04-01,"open: 512.3973, high: 513.3055, low: 512.1371, close: 512.736, volume: 8456728.0"
2024-04-02,"open: 509.0247, high: 509.5549, low: 508.8676, close: 509.4272, volume: 17125941.0"
2024-04-03,"open: 509.1327, high: 510.3305, low: 508.8676, close: 509.928, volume: 13945504.0"
2024-04-04,"open: 504.3806, high: 505.0384, low: 503.4429, close: 503.7129, volume: 21635691.0"
2024-04-05,"open: 508.7399, high: 509.8641, low: 508.6122, close: 508.9854, volume: 8843495.0"
2024-04-08,"open: 509.82, high: 510.2618, low: 508.8185, close: 509.2505, volume: 10654786.0"
2024-04-09,"open: 509.0934, high: 510.0065, low: 508.0526, close: 509.8592, volume: 13440435.0"
2024-04-10,"open: 504.9206, high: 505.657, low: 504.086, close: 504.8224, volume: 10876447.0"
2024-04-11,"open: 509.491, high: 509.9574, low: 508.5632, close: 508.6417, volume: 10625226.0"
2024-04-12,"open: 500.2421, high: 501.6511, low: 500.0114, close: 501.5431, volume: 14384578.0"
2024-04-15,"open: 495.1022, high: 496.0925, low: 495.0727, close: 495.3378, volume: 12856211.0"
2024-04-16,"open: 496.4473, high: 496.4473, low: 494.1547, close: 494.3462, volume: 11088856.0"
2024-04-17,"open: 491.6167, high: 492.7065, low: 491.3221, close: 491.4105, volume: 10353393.0"
2024-04-18,"open: 490.7232, high: 491.7345, low: 490.1439, close: 490.409, volume: 10270509.0"
2024-04-19,"open: 486.0889, high: 486.5209, low: 484.8911, close: 486.1085, volume: 15919635.0"
2024-04-22,"open: 491.489, high: 492.2343, low: 489.8444, close: 490.5563, volume: 11742785.0"
2024-04-23,"open: 496.1822, high: 496.5651, low: 495.8091, close: 496.4571, volume: 10178823.0"
2024-04-24,"open: 496.6633, high: 496.9971, low: 496.2706, close: 496.2902, volume: 6386189.0"
2024-04-25,"open: 494.9942, high: 495.0236, low: 493.5607, close: 494.2971, volume: 7087763.0"
2024-04-26,"open: 500.3648, high: 500.3747, low: 498.9314, close: 499.0099, volume: 11748381.0"
2024-04-29,"open: 499.3732, high: 500.9343, low: 499.2455, close: 500.787, volume: 7239768.0"
2024-04-30,"open: 495.6029, high: 495.9957, low: 492.9127, close: 492.9225, volume: 15181740.0"
2024-05-01,"open: 497.2819, high: 497.2917, low: 490.9981, close: 491.165, volume: 18369848.0"
2024-05-02,"open: 496.1331, high: 496.2214, low: 494.7095, close: 495.8484, volume: 10302184.0"
2024-05-03,"open: 502.3482, high: 502.4611, low: 501.8572, close: 502.0045, volume: 10342475.0"
2024-05-06,"open: 505.7551, high: 507.2279, low: 505.5784, close: 507.2181, volume: 9175163.0"
2024-05-07,"open: 507.7826, high: 508.6734, low: 507.5912, close: 507.8072, volume: 10857382.0"
2024-05-08,"open: 507.9103, high: 508.3374, low: 507.7974, close: 507.7974, volume: 6856860.0"
2024-05-09,"open: 510.1931, high: 510.76, low: 509.5287, close: 510.684, volume: 9283341.0"
2024-05-10,"open: 511.5676, high: 511.872, low: 511.3025, close: 511.3811, volume: 7096243.0"
2024-05-13,"open: 511.3271, high: 511.6364, low: 511.1896, close: 511.4498, volume: 6152973.0"
2024-05-14,"open: 513.9339, high: 514.3168, low: 513.6982, close: 513.7866, volume: 11032454.0"
2024-05-15,"open: 519.442, high: 520.4533, low: 519.3438, close: 520.1391, volume: 13620196.0"
2024-05-16,"open: 520.2667, high: 520.3551, low: 518.9412, close: 519.0591, volume: 11036243.0"
2024-05-17,"open: 519.5991, high: 519.9034, low: 519.1572, close: 519.8151, volume: 10133914.0"
2024-05-20,"open: 520.6398, high: 520.6987, low: 519.8838, close: 520.3944, volume: 7769601.0"
2024-05-21,"open: 521.17, high: 521.8671, low: 521.1406, close: 521.6708, volume: 7407956.0"
2024-05-22,"open: 519.1572, high: 520.2078, low: 518.4258, close: 520.198, volume: 10612662.0"
2024-05-23,"open: 515.6619, high: 516.7026, low: 515.6521, close: 516.3983, volume: 11836542.0"
2024-05-24,"open: 519.3242, high: 519.9624, low: 519.1671, close: 519.8838, volume: 6147973.0"
2024-05-28,"open: 518.7547, high: 520.2765, low: 518.6958, close: 520.2471, volume: 6522504.0"
2024-05-29,"open: 517.2819, high: 517.6158, low: 516.0154, close: 516.5554, volume: 9935495.0"
2024-05-30,"open: 513.875, high: 514.0615, low: 511.8622, close: 513.1386, volume: 10693148.0"
2024-05-31,"open: 512.7557, high: 517.9201, low: 512.52, close: 517.7729, volume: 26130670.0"
2024-06-03,"open: 516.7026, high: 518.2441, low: 516.1823, close: 518.1852, volume: 6725126.0"
2024-06-04,"open: 518.0772, high: 519.0002, low: 517.4341, close: 518.7547, volume: 5221937.0"
2024-06-05,"open: 523.9977, high: 524.9796, low: 523.5559, close: 524.9403, volume: 8164059.0"
2024-06-06,"open: 524.7832, high: 524.9599, low: 524.2924, close: 524.9206, volume: 4478721.0"
2024-06-07,"open: 525.0286, high: 525.1661, low: 524.0272, close: 524.2628, volume: 6857132.0"
2024-06-10,"open: 525.873, high: 526.0007, low: 524.9894, close: 525.9221, volume: 8768394.0"
2024-06-11,"open: 526.1283, high: 527.2574, low: 525.8927, close: 527.1592, volume: 7055265.0"
2024-06-12,"open: 531.175, high: 532.5446, low: 530.4877, close: 531.5088, volume: 10708050.0"
2024-06-13,"open: 532.6575, high: 533.4577, low: 532.3335, close: 532.5495, volume: 6041435.0"
2024-06-14,"open: 532.5201, high: 532.9521, low: 532.0193, close: 532.8735, volume: 5535095.0"
2024-06-17,"open: 538.3129, high: 538.3326, low: 536.8107, close: 537.1151, volume: 9412603.0"
2024-06-18,"open: 537.9496, high: 538.5387, low: 537.7435, close: 538.5289, volume: 8772759.0"
2024-06-20,"open: 537.2231, high: 537.8122, low: 536.6536, close: 537.0169, volume: 12127651.0"
2024-06-21,"open: 536.2399, high: 537.0476, low: 535.9247, close: 535.974, volume: 12433272.0"
2024-06-24,"open: 536.0823, high: 536.2596, low: 534.4965, close: 534.5162, volume: 10069672.0"
2024-06-25,"open: 536.9491, high: 537.0279, low: 536.0134, close: 536.6142, volume: 5283439.0"
2024-06-26,"open: 536.4665, high: 538.0524, low: 536.2892, close: 537.3432, volume: 7597173.0"
2024-06-27,"open: 537.5796, high: 538.21, low: 537.0082, close: 538.1607, volume: 6291348.0"
2024-06-28,"open: 536.6339, high: 537.2939, low: 534.8117, close: 535.9346, volume: 19595553.0"
2024-07-01,"open: 536.1907, high: 537.6978, low: 536.1311, close: 537.1954, volume: 6255393.0"
2024-07-02,"open: 539.7466, high: 540.7513, low: 539.6185, close: 540.7414, volume: 8342730.0"
2024-07-03,"open: 543.1941, high: 543.1941, low: 542.4455, close: 542.5834, volume: 670257.0"
2024-07-05,"open: 546.0408, high: 546.7303, low: 545.9423, close: 546.3856, volume: 8242272.0"
2024-07-08,"open: 546.287, high: 547.3451, low: 546.1985, close: 547.016, volume: 8031795.0"
2024-07-09,"open: 547.4494, high: 547.7449, low: 547.2327, close: 547.5183, volume: 4655297.0"
2024-07-10,"open: 551.6751, high: 553.2511, low: 551.5716, close: 552.8472, volume: 8415300.0"
2024-07-11,"open: 548.2177, high: 549.2125, low: 548.0601, close: 548.0798, volume: 10327060.0"
2024-07-12,"open: 554.3838, high: 554.3838, low: 550.5718, close: 551.5076, volume: 12468283.0"
2024-07-15,"open: 553.6451, high: 553.8618, low: 551.2417, close: 553.0738, volume: 8775077.0"
2024-07-16,"open: 555.9697, high: 556.6888, low: 555.5559, close: 556.3785, volume: 7670232.0"
2024-07-17,"open: 549.6952, high: 549.9119, low: 548.6018, close: 548.6018, volume: 10406230.0"
2024-07-18,"open: 543.1744, high: 545.5483, low: 542.8789, close: 544.3761, volume: 11027183.0"
2024-07-19,"open: 541.7461, high: 541.8348, low: 539.9239, close: 540.702, volume: 10619567.0"
2024-07-22,"open: 546.2181, high: 546.819, low: 546.0211, close: 546.3363, volume: 6511417.0"
2024-07-23,"open: 546.8485, high: 546.8584, low: 544.9819, close: 545.4202, volume: 6892091.0"
2024-07-24,"open: 533.5361, high: 534.7624, low: 532.1915, close: 533.0978, volume: 16010897.0"
2024-07-25,"open: 534.989, high: 535.1663, low: 530.0639, close: 530.2708, volume: 10394784.0"
2024-07-26,"open: 536.5847, high: 536.6733, low: 534.59, close: 536.2202, volume: 8881840.0"
2024-07-29,"open: 537.2545, high: 537.8652, low: 536.3581, close: 536.5945, volume: 6371593.0"
2024-07-30,"open: 533.5903, high: 535.5061, low: 533.1372, close: 533.7873, volume: 8810238.0"
2024-07-31,"open: 541.4211, high: 543.9888, low: 541.0468, close: 542.1894, volume: 15136871.0"
2024-08-01,"open: 533.344, high: 535.3239, low: 533.0485, close: 534.9003, volume: 13591032.0"
2024-08-02,"open: 524.3706, high: 525.1783, low: 522.568, close: 524.9911, volume: 12027687.0"
2024-08-05,"open: 508.7089, high: 509.9894, low: 507.1624, close: 509.6545, volume: 23112572.0"
2024-08-06,"open: 518.8545, high: 519.1303, low: 514.1461, close: 514.3628, volume: 16469953.0"
2024-08-07,"open: 513.2301, high: 513.9688, low: 510.2868, close: 510.8759, volume: 10586309.0"
2024-08-08,"open: 521.386, high: 523.0703, low: 520.2828, close: 522.6763, volume: 11530662.0"
2024-08-09,"open: 524.7547, high: 525.4147, low: 524.0849, close: 524.9222, volume: 6590924.0"
2024-08-12,"open: 524.6661, high: 525.3063, low: 523.7943, close: 525.2571, volume: 6821669.0"
2024-08-13,"open: 533.0879, high: 534.1517, low: 532.8318, close: 533.8759, volume: 11212800.0"
2024-08-14,"open: 534.9693, high: 536.5256, low: 534.6147, close: 535.6292, volume: 9233647.0"
2024-08-15,"open: 544.78, high: 545.0656, low: 543.6374, close: 544.7778, volume: 14466244.0"
2024-08-16,"open: 545.7896, high: 546.1491, low: 545.2528, close: 545.9029, volume: 6569258.0"
2024-08-19,"open: 549.8331, high: 551.1924, low: 549.577, close: 551.1727, volume: 9512468.0"
2024-08-20,"open: 550.296, high: 550.7885, low: 550.0301, close: 550.2468, volume: 5491835.0"
2024-08-21,"open: 551.6849, high: 552.6404, low: 551.3599, close: 552.2956, volume: 8003040.0"
2024-08-22,"open: 547.4986, high: 548.1487, low: 546.6614, close: 547.8729, volume: 11865181.0"
2024-08-23,"open: 553.7436, high: 554.2459, low: 552.3055, close: 553.6648, volume: 8564924.0"
2024-08-26,"open: 552.0494, high: 552.4237, low: 551.4584, close: 552.3252, volume: 7301891.0"
2024-08-27,"open: 553.0935, high: 553.4284, low: 552.7192, close: 553.1149, volume: 5685177.0"
2024-08-28,"open: 550.1778, high: 550.9757, low: 549.6755, close: 549.9611, volume: 8354161.0"
2024-08-29,"open: 550.7294, high: 551.5569, low: 549.3307, close: 549.9464, volume: 6126728.0"
2024-08-30,"open: 553.4038, high: 555.7432, low: 552.798, close: 555.1226, volume: 14049947.0"
2024-09-03,"open: 544.2481, high: 544.4697, low: 541.2733, close: 543.8836, volume: 13164731.0"
2024-09-04,"open: 542.4751, high: 543.6866, low: 541.4014, close: 542.5834, volume: 8187760.0"
2024-09-05,"open: 541.0763, high: 542.0121, low: 539.8254, close: 541.3324, volume: 7343802.0"
2024-09-06,"open: 533.216, high: 533.5804, low: 531.5808, close: 532.3294, volume: 13572109.0"
2024-09-09,"open: 537.4023, high: 538.3183, low: 536.8112, close: 538.2297, volume: 6380792.0"
2024-09-10,"open: 540.5444, high: 540.9187, low: 539.9239, close: 540.5937, volume: 5380889.0"
2024-09-11,"open: 545.0312, high: 547.0357, low: 543.8048, close: 546.0506, volume: 10344614.0"
2024-09-12,"open: 550.3847, high: 550.8378, low: 549.7543, close: 550.6408, volume: 8820699.0"
2024-09-13,"open: 553.3791, high: 553.911, low: 552.8472, close: 553.517, volume: 5861002.0"
2024-09-16,"open: 553.8175, high: 554.6695, low: 553.7263, close: 554.4232, volume: 7009677.0"
2024-09-17,"open: 553.7436, high: 554.7286, low: 553.2954, close: 554.6596, volume: 6758419.0"
2024-09-18,"open: 556.4721, high: 557.0532, low: 552.4237, close: 552.9162, volume: 8516354.0"
2024-09-19,"open: 562.6087, high: 563.2095, low: 561.801, close: 562.3624, volume: 13481516.0"
2024-09-20,"open: 561.437, high: 562.4991, low: 561.0072, close: 561.3036, volume: 10685849.0"
2024-09-23,"open: 562.6967, high: 563.092, low: 562.3213, close: 562.7857, volume: 5127209.0"
2024-09-24,"open: 563.8132, high: 564.5246, low: 563.5563, close: 564.406, volume: 9698559.0"
2024-09-25,"open: 563.0179, high: 563.3192, low: 562.5189, close: 563.1809, volume: 5774018.0"
2024-09-26,"open: 565.2755, high: 565.898, low: 564.9791, close: 565.4435, volume: 6179747.0"
2024-09-27,"open: 565.1273, high: 565.2699, low: 564.4851, close: 564.574, volume: 6650402.0"
2024-09-30,"open: 564.0701, high: 567.5085, low: 563.9713, close: 567.1528, volume: 15169752.0"
2024-10-01,"open: 563.4526, high: 563.4526, low: 561.5803, close: 561.8866, volume: 6504880.0"
2024-10-02,"open: 562.4102, high: 562.6473, low: 561.8964, close: 562.0446, volume: 5029656.0"
2024-10-03,"open: 559.7722, high: 561.4716, low: 559.6635, close: 560.9874, volume: 6404957.0"
2024-10-04,"open: 565.1965, high: 566.5007, low: 565.054, close: 566.0561, volume: 6750960.0"
2024-10-07,"open: 561.0862, high: 561.8766, low: 559.9895, close: 561.0171, volume: 10980683.0"
2024-10-08,"open: 566.0067, high: 566.9157, low: 565.8881, close: 566.2734, volume: 7337164.0"
2024-10-09,"open: 569.8106, high: 570.7986, low: 569.7908, close: 570.1959, volume: 8609557.0"
2024-10-10,"open: 568.4965, high: 569.6426, low: 568.4175, close: 569.2079, volume: 4967928.0"
2024-10-11,"open: 573.1156, high: 573.3774, low: 572.5277, close: 572.6166, volume: 6601195.0"
2024-10-14,"open: 577.5371, high: 578.2682, low: 577.0826, close: 577.29, volume: 9424317.0"
2024-10-15,"open: 572.4091, high: 573.2539, low: 571.6237, close: 572.8538, volume: 10948894.0"
2024-10-16,"open: 575.393, high: 575.561, low: 575.1361, close: 575.2744, volume: 6372490.0"
2024-10-17,"open: 575.6104, high: 575.7685, low: 575.1954, close: 575.314, volume: 6723673.0"
2024-10-18,"open: 577.4679, high: 577.7841, low: 577.0727, close: 577.5766, volume: 4301640.0"
2024-10-21,"open: 575.9266, high: 576.7466, low: 575.3238, close: 576.6873, volume: 5456598.0"
2024-10-22,"open: 576.6676, high: 577.2703, low: 576.2526, close: 576.3415, volume: 4491815.0"
2024-10-23,"open: 570.3837, high: 571.2136, low: 570.1762, close: 571.016, volume: 7715014.0"
2024-10-24,"open: 572.5079, high: 572.9476, low: 572.0733, close: 572.2511, volume: 5692341.0"
2024-10-25,"open: 572.5672, high: 572.7648, low: 571.6187, close: 572.088, volume: 6576447.0"
2024-10-28,"open: 574.5235, high: 574.7507, low: 573.575, close: 573.822, volume: 6587641.0"
2024-10-29,"open: 575.8426, high: 575.9216, low: 574.3852, close: 574.7409, volume: 7423010.0"
2024-10-30,"open: 573.6244, high: 573.8023, low: 572.4487, close: 573.0316, volume: 8956121.0"
2024-10-31,"open: 564.3468, high: 565.157, low: 561.6395, close: 561.7482, volume: 10445314.0"
2024-11-01,"open: 564.9001, high: 565.3941, low: 563.7935, close: 564.1887, volume: 7784214.0"
2024-11-04,"open: 563.4081, high: 563.4476, low: 562.3608, close: 562.9536, volume: 7673815.0"
2024-11-05,"open: 568.783, high: 569.8106, low: 568.378, close: 569.781, volume: 6227381.0"
2024-11-06,"open: 584.0383, high: 584.8485, low: 583.6036, close: 583.9692, volume: 11275262.0"
2024-11-07,"open: 588.9983, high: 589.265, low: 588.0596, close: 588.4252, volume: 9135821.0"
2024-11-08,"open: 591.1226, high: 591.1545, low: 590.4705, close: 591.083, volume: 10548856.0"
2024-11-11,"open: 591.1127, high: 591.6759, low: 590.8261, close: 591.5573, volume: 7283162.0"
2024-11-12,"open: 590.2432, high: 590.421, low: 589.3737, close: 589.7294, volume: 6685200.0"
2024-11-13,"open: 590.421, high: 591.3794, low: 589.3441, close: 590.0258, volume: 13486169.0"
2024-11-14,"open: 587.042, high: 587.2593, low: 585.5599, close: 586.2713, volume: 8717783.0"
2024-11-15,"open: 578.3077, high: 579.1772, low: 577.7347, close: 578.6931, volume: 9280655.0"
2024-11-18,"open: 581.341, high: 581.3509, low: 580.4856, close: 581.1039, volume: 8860125.0"
2024-11-19,"open: 582.823, high: 583.5344, low: 582.6254, close: 583.2281, volume: 6089581.0"
2024-11-20,"open: 581.4398, high: 583.7222, low: 581.4398, close: 583.4455, volume: 9333300.0"
2024-11-21,"open: 587.783, high: 587.8818, low: 586.459, close: 586.5084, volume: 7280371.0"
2024-11-22,"open: 587.643, high: 588.9686, low: 587.5557, close: 588.3561, volume: 4825953.0"
2024-11-25,"open: 589.9863, high: 590.594, low: 589.7097, close: 590.3025, volume: 6582361.0"
2024-11-26,"open: 593.1876, high: 594.1361, low: 593.0789, close: 593.5531, volume: 10768670.0"
2024-11-27,"open: 591.3844, high: 591.8142, low: 590.7866, close: 591.6265, volume: 4385417.0"
2024-11-29,"open: 595.3415, high: 595.6873, low: 595.3415, close: 595.6774, volume: 1671791.0"
2024-12-02,"open: 597.0508, high: 597.0508, low: 596.2307, close: 596.4283, volume: 5147723.0"
2024-12-03,"open: 596.7148, high: 596.9124, low: 596.2702, close: 596.6259, volume: 3985788.0"
2024-12-04,"open: 600.0445, high: 600.6373, low: 599.9161, close: 600.3409, volume: 9854150.0"
2024-12-05,"open: 599.4912, high: 600.347, low: 599.0515, close: 599.3529, volume: 7912328.0"
2024-12-06,"open: 600.3508, high: 600.8448, low: 600.1829, close: 600.6077, volume: 4662213.0"
2024-12-09,"open: 597.2286, high: 597.5547, low: 596.8532, close: 597.4262, volume: 9267277.0"
2024-12-10,"open: 595.5292, high: 596.5666, low: 594.9265, close: 595.6576, volume: 8231579.0"
2024-12-11,"open: 600.7905, high: 600.7905, low: 600.0445, close: 600.2323, volume: 3805504.0"
2024-12-12,"open: 597.6634, high: 598.108, low: 597.1101, close: 597.1199, volume: 6569576.0"
2024-12-13,"open: 597.031, high: 597.4658, low: 596.8729, close: 597.031, volume: 4260230.0"
2024-12-16,"open: 600.3113, high: 600.3123, low: 598.8045, close: 599.5159, volume: 10433667.0"
2024-12-17,"open: 595.875, high: 597.5053, low: 595.7466, close: 597.0113, volume: 7712004.0"
2024-12-18,"open: 586.0342, high: 586.795, low: 578.8808, close: 579.2859, volume: 29069436.0"
2024-12-19,"open: 581.588, high: 582.1709, low: 578.8413, close: 579.108, volume: 14096446.0"
2024-12-20,"open: 586.6543, high: 587.2392, low: 584.3545, close: 585.7423, volume: 23081791.0"
2024-12-23,"open: 588.1661, high: 590.1339, low: 588.1209, close: 589.6184, volume: 11042147.0"
2024-12-24,"open: 596.0818, high: 596.171, low: 595.7943, close: 595.9331, volume: 986812.0"
2024-12-26,"open: 596.5676, high: 596.8005, low: 595.8439, close: 596.0322, volume: 4437285.0"
2024-12-27,"open: 588.5081, high: 590.233, low: 587.3978, close: 589.8266, volume: 12098121.0"
2024-12-30,"open: 584.4734, high: 585.5143, low: 582.9666, close: 583.1252, volume: 6608911.0"
2024-12-31,"open: 582.1339, high: 582.4015, low: 579.8935, close: 580.9245, volume: 12574003.0"
