date,code,z_0,z_1,z_2,z_3,z_4,z_5,z_6,z_7,text
2023-01-03,18,-2.137073407126877e-09,-5.7755835669581765e-09,1.6397366797704647e-09,0.0085058817639946,1.8284184166716955e-09,4.427069377754833e-09,4.285702380002476e-05,0.0183998513966798,"핵심 주제: 2023년 초 다양한 기업들이 신기술 제품 출시, 주요 임원 변경, 인수합병 추진, 주식 시장 실적 발표 등 활발한 경영 활동과 시장 동향을 보였다."
2023-01-04,7,2.1558712343459348e-29,2.3831111066310774e-29,-2.435561476485672e-30,0.532355546951294,-1.8520834708617992e-29,1.442393935487224e-27,0.0283074099570512,0.1833647042512893,"핵심 주제: 기업 활동 및 산업별 시장 분석
핵심 내용: 다수의 기업이 재무 실적, 신기술/신제품(CES 2023 포함), M&A, 인력 변동, 규제 승인 등 사업 현황을 발표했다. 동시에 여러 산업의 시장 성장 전망 및 동향 보고서도 공개되었다."
2023-01-05,28,2.047892655460192e-31,-2.310830241117659e-30,3.758218598194747e-31,0.0084879174828529,-9.396132479420752e-32,2.516197379686542e-31,0.0001368506345897,0.1391255110502243,"핵심 주제: 주요 기업들의 신기술 발표, 제품 출시, 사업 재편 및 실적 공개와 더불어, 불안정한 글로벌 경제 상황 속 다양한 산업의 시장 동향과 고용 변화."
2023-01-06,11,-8.994680788181814e-26,-2.3351295724158664e-35,-1.8540363620998765e-37,0.2364847660064697,-2.1105359296738287e-36,1.0180947388922214e-34,0.0040572062134742,0.5933292508125305,"핵심 주제: AI, 헬스케어, 에너지 등 다양한 산업 분야에서 기술 혁신을 기반으로 한 시장의 성장 및 확장 동향이 두드러지며, 기업들은 신규 투자, 전략적 파트너십, 혁신 제품 출시 및 긍정적 재무 성과 발표를 통해 활발한 사업 확장을 추진하고 있다."
2023-01-09,7,2.1558712343459348e-29,2.3831111066310774e-29,-2.435561476485672e-30,0.532355546951294,-1.8520834708617992e-29,1.442393935487224e-27,0.0283074080944061,0.1833646893501281,"핵심 주제: 기업 활동 및 산업별 시장 분석
핵심 내용: 다수의 기업이 재무 실적, 신기술/신제품(CES 2023 포함), M&A, 인력 변동, 규제 승인 등 사업 현황을 발표했다. 동시에 여러 산업의 시장 성장 전망 및 동향 보고서도 공개되었다."
2023-01-10,11,-8.994680788181814e-26,-2.3351295724158664e-35,-1.8540363620998765e-37,0.2364847362041473,-2.1105359296738287e-36,1.0180947388922214e-34,0.0040572048164904,0.5933292508125305,"핵심 주제: AI, 헬스케어, 에너지 등 다양한 산업 분야에서 기술 혁신을 기반으로 한 시장의 성장 및 확장 동향이 두드러지며, 기업들은 신규 투자, 전략적 파트너십, 혁신 제품 출시 및 긍정적 재무 성과 발표를 통해 활발한 사업 확장을 추진하고 있다."
2023-01-11,9,-5.63069389839354e-24,-1.5608384614370638e-25,3.1737294166670703e-24,0.045644212514162,1.960850252863428e-23,-4.0711253551024624e-24,-0.0011243203189224,0.3368046879768371,"핵심 주제: 다양한 산업 분야에서 기업들은 실적 발표, 투자 유치, 시장 확장, 기술 혁신을 이어가고 있으며, AI, ESG 등 신기술 및 지속가능성 관련 동향과 함께 광범위한 시장 성장 및 예측이 나타나고 있습니다."
2023-01-12,0,-1.5473174413146334e-36,-3.20427505735137e-35,-1.1414504660443912e-36,0.4186395108699798,8.248636283783035e-36,1.840038421796941e-36,0.0192560032010078,0.4461044073104858,"핵심 주제: 다양한 산업 분야에서 기업의 인수합병, 투자 유치, 전략적 제휴, 주요 임원 교체 등 사업 확장이 활발하며, 신기술 기반 제품 및 서비스 출시, 그리고 광범위한 시장의 성장 전망과 재무 성과 발표가 이어지고 있습니다."
2023-01-13,11,-8.994680788181814e-26,-2.3351295724158664e-35,-1.8540363620998765e-37,0.2364847362041473,-2.1105359296738287e-36,1.0180947388922214e-34,0.0040572048164904,0.5933292508125305,"핵심 주제: AI, 헬스케어, 에너지 등 다양한 산업 분야에서 기술 혁신을 기반으로 한 시장의 성장 및 확장 동향이 두드러지며, 기업들은 신규 투자, 전략적 파트너십, 혁신 제품 출시 및 긍정적 재무 성과 발표를 통해 활발한 사업 확장을 추진하고 있다."
2023-01-17,18,-2.137073407126877e-09,-5.7755835669581765e-09,1.6397366797704647e-09,0.0085058817639946,1.8284184166716955e-09,4.427069377754833e-09,4.285713657736778e-05,0.0183998495340347,"핵심 주제: 2023년 초 다양한 기업들이 신기술 제품 출시, 주요 임원 변경, 인수합병 추진, 주식 시장 실적 발표 등 활발한 경영 활동과 시장 동향을 보였다."
2023-01-18,18,-2.137073407126877e-09,-5.7755835669581765e-09,1.6397366797704647e-09,0.0085058808326721,1.8284184166716955e-09,4.427069377754833e-09,4.285713657736778e-05,0.0183998513966798,"핵심 주제: 2023년 초 다양한 기업들이 신기술 제품 출시, 주요 임원 변경, 인수합병 추진, 주식 시장 실적 발표 등 활발한 경영 활동과 시장 동향을 보였다."
2023-01-19,9,-5.63069389839354e-24,-1.5608384614370638e-25,3.1737294166670703e-24,0.045644212514162,1.960850252863428e-23,-4.0711253551024624e-24,-0.0011243203189224,0.3368046879768371,"핵심 주제: 다양한 산업 분야에서 기업들은 실적 발표, 투자 유치, 시장 확장, 기술 혁신을 이어가고 있으며, AI, ESG 등 신기술 및 지속가능성 관련 동향과 함께 광범위한 시장 성장 및 예측이 나타나고 있습니다."
2023-01-20,11,-8.994680788181814e-26,-2.3351295724158664e-35,-1.8540363620998765e-37,0.2364847362041473,-2.1105359296738287e-36,1.0180947388922214e-34,0.0040572048164904,0.5933292508125305,"핵심 주제: AI, 헬스케어, 에너지 등 다양한 산업 분야에서 기술 혁신을 기반으로 한 시장의 성장 및 확장 동향이 두드러지며, 기업들은 신규 투자, 전략적 파트너십, 혁신 제품 출시 및 긍정적 재무 성과 발표를 통해 활발한 사업 확장을 추진하고 있다."
2023-01-23,0,-1.5473174413146334e-36,-3.20427505735137e-35,-1.1414504660443912e-36,0.4186395406723022,8.248636283783035e-36,1.840038421796941e-36,0.0192560032010078,0.4461044073104858,"핵심 주제: 다양한 산업 분야에서 기업의 인수합병, 투자 유치, 전략적 제휴, 주요 임원 교체 등 사업 확장이 활발하며, 신기술 기반 제품 및 서비스 출시, 그리고 광범위한 시장의 성장 전망과 재무 성과 발표가 이어지고 있습니다."
2023-01-24,0,-1.5473174413146334e-36,-3.20427505735137e-35,-1.1414504660443912e-36,0.4186395108699798,8.248636283783035e-36,1.840038421796941e-36,0.0192560032010078,0.4461044073104858,"핵심 주제: 다양한 산업 분야에서 기업의 인수합병, 투자 유치, 전략적 제휴, 주요 임원 교체 등 사업 확장이 활발하며, 신기술 기반 제품 및 서비스 출시, 그리고 광범위한 시장의 성장 전망과 재무 성과 발표가 이어지고 있습니다."
2023-01-25,11,-8.994680788181814e-26,-2.3351295724158664e-35,-1.8540363620998765e-37,0.2364847362041473,-2.1105359296738287e-36,1.0180947388922214e-34,0.0040572048164904,0.5933292508125305,"핵심 주제: AI, 헬스케어, 에너지 등 다양한 산업 분야에서 기술 혁신을 기반으로 한 시장의 성장 및 확장 동향이 두드러지며, 기업들은 신규 투자, 전략적 파트너십, 혁신 제품 출시 및 긍정적 재무 성과 발표를 통해 활발한 사업 확장을 추진하고 있다."
2023-01-26,9,-5.63069389839354e-24,-1.5608384614370638e-25,3.1737294166670703e-24,0.045644212514162,1.960850252863428e-23,-4.0711253551024624e-24,-0.0011243203189224,0.3368046879768371,"핵심 주제: 다양한 산업 분야에서 기업들은 실적 발표, 투자 유치, 시장 확장, 기술 혁신을 이어가고 있으며, AI, ESG 등 신기술 및 지속가능성 관련 동향과 함께 광범위한 시장 성장 및 예측이 나타나고 있습니다."
2023-01-27,11,-8.994680788181814e-26,-2.3351295724158664e-35,-1.8540363620998765e-37,0.2364847362041473,-2.1105359296738287e-36,1.0180947388922214e-34,0.0040572048164904,0.5933292508125305,"핵심 주제: AI, 헬스케어, 에너지 등 다양한 산업 분야에서 기술 혁신을 기반으로 한 시장의 성장 및 확장 동향이 두드러지며, 기업들은 신규 투자, 전략적 파트너십, 혁신 제품 출시 및 긍정적 재무 성과 발표를 통해 활발한 사업 확장을 추진하고 있다."
2023-01-30,23,-9.523529778294227e-29,-4.265443233199423e-28,1.8675078918226992e-25,0.3005660474300384,2.593571919114045e-24,2.8919923897104118e-27,0.0080186147242784,0.0641962811350822,"핵심 주제: 다양한 기업들이 실적, 투자 유치, 인수합병 등 재무 및 경영 활동을 발표하고 있으며, 여러 산업 분야의 시장 동향 및 성장 전망, 신기술 개발 및 인력 조정 등 광범위한 비즈니스 소식이 포함됩니다."
2023-01-31,9,-5.63069389839354e-24,-1.5608384614370638e-25,3.1737294166670703e-24,0.045644212514162,1.960850252863428e-23,-4.0711253551024624e-24,-0.0011243203189224,0.3368046879768371,"핵심 주제: 다양한 산업 분야에서 기업들은 실적 발표, 투자 유치, 시장 확장, 기술 혁신을 이어가고 있으며, AI, ESG 등 신기술 및 지속가능성 관련 동향과 함께 광범위한 시장 성장 및 예측이 나타나고 있습니다."
2023-02-01,9,-5.63069389839354e-24,-1.5608384614370638e-25,3.1737294166670703e-24,0.045644212514162,1.960850252863428e-23,-4.0711253551024624e-24,-0.0011243203189224,0.3368046879768371,"핵심 주제: 다양한 산업 분야에서 기업들은 실적 발표, 투자 유치, 시장 확장, 기술 혁신을 이어가고 있으며, AI, ESG 등 신기술 및 지속가능성 관련 동향과 함께 광범위한 시장 성장 및 예측이 나타나고 있습니다."
2023-02-02,7,2.1558712343459348e-29,2.3831111066310774e-29,-2.435561476485672e-30,0.532355546951294,-1.8520834708617992e-29,1.442393935487224e-27,0.0283074099570512,0.1833647042512893,"핵심 주제: 기업 활동 및 산업별 시장 분석
핵심 내용: 다수의 기업이 재무 실적, 신기술/신제품(CES 2023 포함), M&A, 인력 변동, 규제 승인 등 사업 현황을 발표했다. 동시에 여러 산업의 시장 성장 전망 및 동향 보고서도 공개되었다."
2023-02-03,23,-9.523529778294227e-29,-4.265443233199423e-28,1.8675078918226992e-25,0.3005660474300384,2.593571919114045e-24,2.8919923897104118e-27,0.0080186147242784,0.0641962811350822,"핵심 주제: 다양한 기업들이 실적, 투자 유치, 인수합병 등 재무 및 경영 활동을 발표하고 있으며, 여러 산업 분야의 시장 동향 및 성장 전망, 신기술 개발 및 인력 조정 등 광범위한 비즈니스 소식이 포함됩니다."
2023-02-06,23,-9.523529778294227e-29,-4.265443233199423e-28,1.8675078918226992e-25,0.3005660474300384,2.593571919114045e-24,2.8919923897104118e-27,0.0080186147242784,0.0641962885856628,"핵심 주제: 다양한 기업들이 실적, 투자 유치, 인수합병 등 재무 및 경영 활동을 발표하고 있으며, 여러 산업 분야의 시장 동향 및 성장 전망, 신기술 개발 및 인력 조정 등 광범위한 비즈니스 소식이 포함됩니다."
2023-02-07,9,-5.63069389839354e-24,-1.5608384614370638e-25,3.1737294166670703e-24,0.045644212514162,1.960850252863428e-23,-4.0711253551024624e-24,-0.0011243203189224,0.3368046879768371,"핵심 주제: 다양한 산업 분야에서 기업들은 실적 발표, 투자 유치, 시장 확장, 기술 혁신을 이어가고 있으며, AI, ESG 등 신기술 및 지속가능성 관련 동향과 함께 광범위한 시장 성장 및 예측이 나타나고 있습니다."
2023-02-08,18,-2.137073407126877e-09,-5.7755835669581765e-09,1.6397366797704647e-09,0.0085058817639946,1.8284184166716955e-09,4.427069377754833e-09,4.285713657736778e-05,0.0183998513966798,"핵심 주제: 2023년 초 다양한 기업들이 신기술 제품 출시, 주요 임원 변경, 인수합병 추진, 주식 시장 실적 발표 등 활발한 경영 활동과 시장 동향을 보였다."
2023-02-09,23,-9.523529778294227e-29,-4.265443233199423e-28,1.8675078918226992e-25,0.3005660474300384,2.593571919114045e-24,2.8919923897104118e-27,0.0080186147242784,0.0641962811350822,"핵심 주제: 다양한 기업들이 실적, 투자 유치, 인수합병 등 재무 및 경영 활동을 발표하고 있으며, 여러 산업 분야의 시장 동향 및 성장 전망, 신기술 개발 및 인력 조정 등 광범위한 비즈니스 소식이 포함됩니다."
2023-02-10,9,-5.63069389839354e-24,-1.5608384614370638e-25,3.1737294166670703e-24,0.0456442087888717,1.960850252863428e-23,-4.0711253551024624e-24,-0.001124320551753,0.3368046879768371,"핵심 주제: 다양한 산업 분야에서 기업들은 실적 발표, 투자 유치, 시장 확장, 기술 혁신을 이어가고 있으며, AI, ESG 등 신기술 및 지속가능성 관련 동향과 함께 광범위한 시장 성장 및 예측이 나타나고 있습니다."
2023-02-13,0,-1.5473174413146334e-36,-3.20427505735137e-35,-1.1414504660443912e-36,0.4186395406723022,8.248636283783035e-36,1.840038421796941e-36,0.0192560106515884,0.4461044073104858,"핵심 주제: 다양한 산업 분야에서 기업의 인수합병, 투자 유치, 전략적 제휴, 주요 임원 교체 등 사업 확장이 활발하며, 신기술 기반 제품 및 서비스 출시, 그리고 광범위한 시장의 성장 전망과 재무 성과 발표가 이어지고 있습니다."
2023-02-14,9,-5.63069389839354e-24,-1.5608384614370638e-25,3.1737294166670703e-24,0.045644212514162,1.960850252863428e-23,-4.0711253551024624e-24,-0.001124320551753,0.3368046879768371,"핵심 주제: 다양한 산업 분야에서 기업들은 실적 발표, 투자 유치, 시장 확장, 기술 혁신을 이어가고 있으며, AI, ESG 등 신기술 및 지속가능성 관련 동향과 함께 광범위한 시장 성장 및 예측이 나타나고 있습니다."
2023-02-15,11,-8.994680788181814e-26,-2.3351295724158664e-35,-1.8540363620998765e-37,0.2364847362041473,-2.1105359296738287e-36,1.0180947388922214e-34,0.0040572048164904,0.5933292508125305,"핵심 주제: AI, 헬스케어, 에너지 등 다양한 산업 분야에서 기술 혁신을 기반으로 한 시장의 성장 및 확장 동향이 두드러지며, 기업들은 신규 투자, 전략적 파트너십, 혁신 제품 출시 및 긍정적 재무 성과 발표를 통해 활발한 사업 확장을 추진하고 있다."
2023-02-16,0,-1.5473174413146334e-36,-3.20427505735137e-35,-1.1414504660443912e-36,0.4186395406723022,8.248636283783035e-36,1.840038421796941e-36,0.0192560032010078,0.4461044073104858,"핵심 주제: 다양한 산업 분야에서 기업의 인수합병, 투자 유치, 전략적 제휴, 주요 임원 교체 등 사업 확장이 활발하며, 신기술 기반 제품 및 서비스 출시, 그리고 광범위한 시장의 성장 전망과 재무 성과 발표가 이어지고 있습니다."
2023-02-17,9,-5.63069389839354e-24,-1.5608384614370638e-25,3.1737294166670703e-24,0.045644212514162,1.960850252863428e-23,-4.0711253551024624e-24,-0.0011243203189224,0.3368046879768371,"핵심 주제: 다양한 산업 분야에서 기업들은 실적 발표, 투자 유치, 시장 확장, 기술 혁신을 이어가고 있으며, AI, ESG 등 신기술 및 지속가능성 관련 동향과 함께 광범위한 시장 성장 및 예측이 나타나고 있습니다."
2023-02-21,18,-2.137073407126877e-09,-5.7755835669581765e-09,1.6397366797704647e-09,0.0085058817639946,1.8284184166716955e-09,4.427069377754833e-09,4.285702380002476e-05,0.0183998513966798,"핵심 주제: 2023년 초 다양한 기업들이 신기술 제품 출시, 주요 임원 변경, 인수합병 추진, 주식 시장 실적 발표 등 활발한 경영 활동과 시장 동향을 보였다."
2023-02-22,7,2.1558712343459348e-29,2.3831111066310774e-29,-2.435561476485672e-30,0.532355546951294,-1.8520834708617992e-29,1.442393935487224e-27,0.0283074099570512,0.1833647042512893,"핵심 주제: 기업 활동 및 산업별 시장 분석
핵심 내용: 다수의 기업이 재무 실적, 신기술/신제품(CES 2023 포함), M&A, 인력 변동, 규제 승인 등 사업 현황을 발표했다. 동시에 여러 산업의 시장 성장 전망 및 동향 보고서도 공개되었다."
2023-02-23,9,-5.63069389839354e-24,-1.5608384614370638e-25,3.1737294166670703e-24,0.045644212514162,1.960850252863428e-23,-4.0711253551024624e-24,-0.0011243203189224,0.3368046879768371,"핵심 주제: 다양한 산업 분야에서 기업들은 실적 발표, 투자 유치, 시장 확장, 기술 혁신을 이어가고 있으며, AI, ESG 등 신기술 및 지속가능성 관련 동향과 함께 광범위한 시장 성장 및 예측이 나타나고 있습니다."
2023-02-24,9,-5.63069389839354e-24,-1.5608384614370638e-25,3.1737294166670703e-24,0.045644212514162,1.960850252863428e-23,-4.0711253551024624e-24,-0.0011243203189224,0.3368046879768371,"핵심 주제: 다양한 산업 분야에서 기업들은 실적 발표, 투자 유치, 시장 확장, 기술 혁신을 이어가고 있으며, AI, ESG 등 신기술 및 지속가능성 관련 동향과 함께 광범위한 시장 성장 및 예측이 나타나고 있습니다."
2023-02-27,4,-1.3051631732767084e-21,-2.8450282060776815e-11,-3.1377610197035924e-20,0.0904507413506507,-1.502104254313963e-07,3.2302822526239505e-13,0.0005100909620523,0.0400653630495071,"핵심 주제: 다양한 산업 및 시장 동향, 기업 활동
핵심 내용: IT, 통신, 바이오, 금융, 제조업 등 광범위한 분야에서 신기술 개발, 파트너십, 시장 예측, 투자 및 인수합병, 실적 발표, 규제 및 사회적 이슈에 이르는 최신 사업 및 경제 활동 정보가 다양하게 보도되고 있습니다."
2023-02-28,0,-1.5473174413146334e-36,-3.20427505735137e-35,-1.1414504660443912e-36,0.4186395108699798,8.248636283783035e-36,1.840038421796941e-36,0.0192560032010078,0.4461044073104858,"핵심 주제: 다양한 산업 분야에서 기업의 인수합병, 투자 유치, 전략적 제휴, 주요 임원 교체 등 사업 확장이 활발하며, 신기술 기반 제품 및 서비스 출시, 그리고 광범위한 시장의 성장 전망과 재무 성과 발표가 이어지고 있습니다."
2023-03-01,23,-9.523529778294227e-29,-4.265443233199423e-28,1.8675078918226992e-25,0.3005660474300384,2.593571919114045e-24,2.8919923897104118e-27,0.0080186147242784,0.0641962811350822,"핵심 주제: 다양한 기업들이 실적, 투자 유치, 인수합병 등 재무 및 경영 활동을 발표하고 있으며, 여러 산업 분야의 시장 동향 및 성장 전망, 신기술 개발 및 인력 조정 등 광범위한 비즈니스 소식이 포함됩니다."
2023-03-02,9,-5.63069389839354e-24,-1.5608384614370638e-25,3.1737294166670703e-24,0.045644212514162,1.960850252863428e-23,-4.0711253551024624e-24,-0.0011243203189224,0.3368046879768371,"핵심 주제: 다양한 산업 분야에서 기업들은 실적 발표, 투자 유치, 시장 확장, 기술 혁신을 이어가고 있으며, AI, ESG 등 신기술 및 지속가능성 관련 동향과 함께 광범위한 시장 성장 및 예측이 나타나고 있습니다."
2023-03-03,11,-8.994680788181814e-26,-2.3351295724158664e-35,-1.8540363620998765e-37,0.2364847362041473,-2.1105359296738287e-36,1.0180947388922214e-34,0.0040572048164904,0.5933292508125305,"핵심 주제: AI, 헬스케어, 에너지 등 다양한 산업 분야에서 기술 혁신을 기반으로 한 시장의 성장 및 확장 동향이 두드러지며, 기업들은 신규 투자, 전략적 파트너십, 혁신 제품 출시 및 긍정적 재무 성과 발표를 통해 활발한 사업 확장을 추진하고 있다."
2023-03-06,23,-9.523529778294227e-29,-4.265443233199423e-28,1.8675078918226992e-25,0.3005660474300384,2.593571919114045e-24,2.8919923897104118e-27,0.0080186147242784,0.0641962811350822,"핵심 주제: 다양한 기업들이 실적, 투자 유치, 인수합병 등 재무 및 경영 활동을 발표하고 있으며, 여러 산업 분야의 시장 동향 및 성장 전망, 신기술 개발 및 인력 조정 등 광범위한 비즈니스 소식이 포함됩니다."
2023-03-07,18,-2.137073407126877e-09,-5.7755835669581765e-09,1.6397366797704647e-09,0.0085058808326721,1.8284184166716955e-09,4.427069377754833e-09,4.285702380002476e-05,0.0183998513966798,"핵심 주제: 2023년 초 다양한 기업들이 신기술 제품 출시, 주요 임원 변경, 인수합병 추진, 주식 시장 실적 발표 등 활발한 경영 활동과 시장 동향을 보였다."
2023-03-08,4,-1.3051631732767084e-21,-2.8450282060776815e-11,-3.1377610197035924e-20,0.0904507413506507,-1.502104254313963e-07,3.2302822526239505e-13,0.0005100900889374,0.0400653630495071,"핵심 주제: 다양한 산업 및 시장 동향, 기업 활동
핵심 내용: IT, 통신, 바이오, 금융, 제조업 등 광범위한 분야에서 신기술 개발, 파트너십, 시장 예측, 투자 및 인수합병, 실적 발표, 규제 및 사회적 이슈에 이르는 최신 사업 및 경제 활동 정보가 다양하게 보도되고 있습니다."
2023-03-09,7,2.1558712343459348e-29,2.3831111066310774e-29,-2.435561476485672e-30,0.532355546951294,-1.8520834708617992e-29,1.442393935487224e-27,0.0283074080944061,0.1833647042512893,"핵심 주제: 기업 활동 및 산업별 시장 분석
핵심 내용: 다수의 기업이 재무 실적, 신기술/신제품(CES 2023 포함), M&A, 인력 변동, 규제 승인 등 사업 현황을 발표했다. 동시에 여러 산업의 시장 성장 전망 및 동향 보고서도 공개되었다."
2023-03-10,23,-9.523529778294227e-29,-4.265443233199423e-28,1.8675078918226992e-25,0.3005660474300384,2.593571919114045e-24,2.8919923897104118e-27,0.0080186147242784,0.0641962811350822,"핵심 주제: 다양한 기업들이 실적, 투자 유치, 인수합병 등 재무 및 경영 활동을 발표하고 있으며, 여러 산업 분야의 시장 동향 및 성장 전망, 신기술 개발 및 인력 조정 등 광범위한 비즈니스 소식이 포함됩니다."
2023-03-13,7,2.1558712343459348e-29,2.3831111066310774e-29,-2.435561476485672e-30,0.532355546951294,-1.8520834708617992e-29,1.442393935487224e-27,0.0283074080944061,0.1833646893501281,"핵심 주제: 기업 활동 및 산업별 시장 분석
핵심 내용: 다수의 기업이 재무 실적, 신기술/신제품(CES 2023 포함), M&A, 인력 변동, 규제 승인 등 사업 현황을 발표했다. 동시에 여러 산업의 시장 성장 전망 및 동향 보고서도 공개되었다."
2023-03-15,9,-5.63069389839354e-24,-1.5608384614370638e-25,3.1737294166670703e-24,0.045644212514162,1.960850252863428e-23,-4.0711253551024624e-24,-0.0011243203189224,0.3368046879768371,"핵심 주제: 다양한 산업 분야에서 기업들은 실적 발표, 투자 유치, 시장 확장, 기술 혁신을 이어가고 있으며, AI, ESG 등 신기술 및 지속가능성 관련 동향과 함께 광범위한 시장 성장 및 예측이 나타나고 있습니다."
2023-03-16,11,-8.994680788181814e-26,-2.3351295724158664e-35,-1.8540363620998765e-37,0.2364847660064697,-2.1105359296738287e-36,1.0180947388922214e-34,0.0040572062134742,0.5933291912078857,"핵심 주제: AI, 헬스케어, 에너지 등 다양한 산업 분야에서 기술 혁신을 기반으로 한 시장의 성장 및 확장 동향이 두드러지며, 기업들은 신규 투자, 전략적 파트너십, 혁신 제품 출시 및 긍정적 재무 성과 발표를 통해 활발한 사업 확장을 추진하고 있다."
2023-03-17,18,-2.137073407126877e-09,-5.7755835669581765e-09,1.6397366797704647e-09,0.0085058817639946,1.8284184166716955e-09,4.427069377754833e-09,4.285702380002476e-05,0.0183998513966798,"핵심 주제: 2023년 초 다양한 기업들이 신기술 제품 출시, 주요 임원 변경, 인수합병 추진, 주식 시장 실적 발표 등 활발한 경영 활동과 시장 동향을 보였다."
2023-03-20,0,-1.5473174413146334e-36,-3.20427505735137e-35,-1.1414504660443912e-36,0.4186395108699798,8.248636283783035e-36,1.840038421796941e-36,0.0192560032010078,0.4461044073104858,"핵심 주제: 다양한 산업 분야에서 기업의 인수합병, 투자 유치, 전략적 제휴, 주요 임원 교체 등 사업 확장이 활발하며, 신기술 기반 제품 및 서비스 출시, 그리고 광범위한 시장의 성장 전망과 재무 성과 발표가 이어지고 있습니다."
2023-03-21,9,-5.63069389839354e-24,-1.5608384614370638e-25,3.1737294166670703e-24,0.045644212514162,1.960850252863428e-23,-4.0711253551024624e-24,-0.0011243203189224,0.3368046879768371,"핵심 주제: 다양한 산업 분야에서 기업들은 실적 발표, 투자 유치, 시장 확장, 기술 혁신을 이어가고 있으며, AI, ESG 등 신기술 및 지속가능성 관련 동향과 함께 광범위한 시장 성장 및 예측이 나타나고 있습니다."
2023-03-22,7,2.1558712343459348e-29,2.3831111066310774e-29,-2.435561476485672e-30,0.532355546951294,-1.8520834708617992e-29,1.442393935487224e-27,0.0283074080944061,0.1833647042512893,"핵심 주제: 기업 활동 및 산업별 시장 분석
핵심 내용: 다수의 기업이 재무 실적, 신기술/신제품(CES 2023 포함), M&A, 인력 변동, 규제 승인 등 사업 현황을 발표했다. 동시에 여러 산업의 시장 성장 전망 및 동향 보고서도 공개되었다."
2023-03-23,7,2.1558712343459348e-29,2.3831111066310774e-29,-2.435561476485672e-30,0.532355546951294,-1.8520834708617992e-29,1.442393935487224e-27,0.0283074080944061,0.1833647042512893,"핵심 주제: 기업 활동 및 산업별 시장 분석
핵심 내용: 다수의 기업이 재무 실적, 신기술/신제품(CES 2023 포함), M&A, 인력 변동, 규제 승인 등 사업 현황을 발표했다. 동시에 여러 산업의 시장 성장 전망 및 동향 보고서도 공개되었다."
2023-03-24,11,-8.994680788181814e-26,-2.3351295724158664e-35,-1.8540363620998765e-37,0.2364847362041473,-2.1105359296738287e-36,1.0180947388922214e-34,0.0040572048164904,0.5933292508125305,"핵심 주제: AI, 헬스케어, 에너지 등 다양한 산업 분야에서 기술 혁신을 기반으로 한 시장의 성장 및 확장 동향이 두드러지며, 기업들은 신규 투자, 전략적 파트너십, 혁신 제품 출시 및 긍정적 재무 성과 발표를 통해 활발한 사업 확장을 추진하고 있다."
2023-03-27,9,-5.63069389839354e-24,-1.5608384614370638e-25,3.1737294166670703e-24,0.045644212514162,1.960850252863428e-23,-4.0711253551024624e-24,-0.0011243203189224,0.3368046879768371,"핵심 주제: 다양한 산업 분야에서 기업들은 실적 발표, 투자 유치, 시장 확장, 기술 혁신을 이어가고 있으며, AI, ESG 등 신기술 및 지속가능성 관련 동향과 함께 광범위한 시장 성장 및 예측이 나타나고 있습니다."
2023-03-28,23,-9.523529778294227e-29,-4.265443233199423e-28,1.8675078918226992e-25,0.3005660474300384,2.593571919114045e-24,2.8919923897104118e-27,0.0080186147242784,0.0641962811350822,"핵심 주제: 다양한 기업들이 실적, 투자 유치, 인수합병 등 재무 및 경영 활동을 발표하고 있으며, 여러 산업 분야의 시장 동향 및 성장 전망, 신기술 개발 및 인력 조정 등 광범위한 비즈니스 소식이 포함됩니다."
2023-03-29,9,-5.63069389839354e-24,-1.5608384614370638e-25,3.1737294166670703e-24,0.045644212514162,1.960850252863428e-23,-4.0711253551024624e-24,-0.0011243203189224,0.3368046879768371,"핵심 주제: 다양한 산업 분야에서 기업들은 실적 발표, 투자 유치, 시장 확장, 기술 혁신을 이어가고 있으며, AI, ESG 등 신기술 및 지속가능성 관련 동향과 함께 광범위한 시장 성장 및 예측이 나타나고 있습니다."
2023-03-30,28,2.047892655460192e-31,-2.310830241117659e-30,3.758218598194747e-31,0.0084879174828529,-9.396132479420752e-32,2.516197379686542e-31,0.0001368506345897,0.1391255110502243,"핵심 주제: 주요 기업들의 신기술 발표, 제품 출시, 사업 재편 및 실적 공개와 더불어, 불안정한 글로벌 경제 상황 속 다양한 산업의 시장 동향과 고용 변화."
2023-03-31,9,-5.63069389839354e-24,-1.5608384614370638e-25,3.1737294166670703e-24,0.0456442087888717,1.960850252863428e-23,-4.0711253551024624e-24,-0.0011243203189224,0.3368046879768371,"핵심 주제: 다양한 산업 분야에서 기업들은 실적 발표, 투자 유치, 시장 확장, 기술 혁신을 이어가고 있으며, AI, ESG 등 신기술 및 지속가능성 관련 동향과 함께 광범위한 시장 성장 및 예측이 나타나고 있습니다."
2023-04-03,9,-5.63069389839354e-24,-1.5608384614370638e-25,3.1737294166670703e-24,0.045644212514162,1.960850252863428e-23,-4.0711253551024624e-24,-0.0011243203189224,0.3368046879768371,"핵심 주제: 다양한 산업 분야에서 기업들은 실적 발표, 투자 유치, 시장 확장, 기술 혁신을 이어가고 있으며, AI, ESG 등 신기술 및 지속가능성 관련 동향과 함께 광범위한 시장 성장 및 예측이 나타나고 있습니다."
2023-04-04,18,-2.137073407126877e-09,-5.7755835669581765e-09,1.6397366797704647e-09,0.0085058817639946,1.8284184166716955e-09,4.427069377754833e-09,4.285713657736778e-05,0.0183998513966798,"핵심 주제: 2023년 초 다양한 기업들이 신기술 제품 출시, 주요 임원 변경, 인수합병 추진, 주식 시장 실적 발표 등 활발한 경영 활동과 시장 동향을 보였다."
2023-04-05,28,2.047892655460192e-31,-2.310830241117659e-30,3.758218598194747e-31,0.0084879174828529,-9.396132479420752e-32,2.516197379686542e-31,0.0001368506636936,0.1391255110502243,"핵심 주제: 주요 기업들의 신기술 발표, 제품 출시, 사업 재편 및 실적 공개와 더불어, 불안정한 글로벌 경제 상황 속 다양한 산업의 시장 동향과 고용 변화."
2023-04-06,11,-8.994680788181814e-26,-2.3351295724158664e-35,-1.8540363620998765e-37,0.2364847660064697,-2.1105359296738287e-36,1.0180947388922214e-34,0.0040572043508291,0.5933293104171753,"핵심 주제: AI, 헬스케어, 에너지 등 다양한 산업 분야에서 기술 혁신을 기반으로 한 시장의 성장 및 확장 동향이 두드러지며, 기업들은 신규 투자, 전략적 파트너십, 혁신 제품 출시 및 긍정적 재무 성과 발표를 통해 활발한 사업 확장을 추진하고 있다."
2023-04-10,11,-8.994680788181814e-26,-2.3351295724158664e-35,-1.8540363620998765e-37,0.2364847362041473,-2.1105359296738287e-36,1.0180947388922214e-34,0.0040572048164904,0.5933292508125305,"핵심 주제: AI, 헬스케어, 에너지 등 다양한 산업 분야에서 기술 혁신을 기반으로 한 시장의 성장 및 확장 동향이 두드러지며, 기업들은 신규 투자, 전략적 파트너십, 혁신 제품 출시 및 긍정적 재무 성과 발표를 통해 활발한 사업 확장을 추진하고 있다."
2023-04-11,11,-8.994680788181814e-26,-2.3351295724158664e-35,-1.8540363620998765e-37,0.2364847362041473,-2.1105359296738287e-36,1.0180947388922214e-34,0.0040572052821516,0.5933292508125305,"핵심 주제: AI, 헬스케어, 에너지 등 다양한 산업 분야에서 기술 혁신을 기반으로 한 시장의 성장 및 확장 동향이 두드러지며, 기업들은 신규 투자, 전략적 파트너십, 혁신 제품 출시 및 긍정적 재무 성과 발표를 통해 활발한 사업 확장을 추진하고 있다."
2023-04-13,11,-8.994680788181814e-26,-2.3351295724158664e-35,-1.8540363620998765e-37,0.2364847362041473,-2.1105359296738287e-36,1.0180947388922214e-34,0.0040572048164904,0.5933292508125305,"핵심 주제: AI, 헬스케어, 에너지 등 다양한 산업 분야에서 기술 혁신을 기반으로 한 시장의 성장 및 확장 동향이 두드러지며, 기업들은 신규 투자, 전략적 파트너십, 혁신 제품 출시 및 긍정적 재무 성과 발표를 통해 활발한 사업 확장을 추진하고 있다."
2023-04-14,28,2.047892655460192e-31,-2.310830241117659e-30,3.758218598194747e-31,0.0084879174828529,-9.396132479420752e-32,2.516197379686542e-31,0.0001368506636936,0.1391255110502243,"핵심 주제: 주요 기업들의 신기술 발표, 제품 출시, 사업 재편 및 실적 공개와 더불어, 불안정한 글로벌 경제 상황 속 다양한 산업의 시장 동향과 고용 변화."
2023-04-17,28,2.047892655460192e-31,-2.310830241117659e-30,3.758218598194747e-31,0.0084879174828529,-9.396132479420752e-32,2.516197379686542e-31,0.0001368506636936,0.1391255110502243,"핵심 주제: 주요 기업들의 신기술 발표, 제품 출시, 사업 재편 및 실적 공개와 더불어, 불안정한 글로벌 경제 상황 속 다양한 산업의 시장 동향과 고용 변화."
2023-04-18,28,2.047892655460192e-31,-2.310830241117659e-30,3.758218598194747e-31,0.0084879174828529,-9.396132479420752e-32,2.516197379686542e-31,0.0001368506636936,0.1391255110502243,"핵심 주제: 주요 기업들의 신기술 발표, 제품 출시, 사업 재편 및 실적 공개와 더불어, 불안정한 글로벌 경제 상황 속 다양한 산업의 시장 동향과 고용 변화."
2023-04-20,7,2.1558712343459348e-29,2.3831111066310774e-29,-2.435561476485672e-30,0.532355546951294,-1.8520834708617992e-29,1.442393935487224e-27,0.0283074099570512,0.1833647042512893,"핵심 주제: 기업 활동 및 산업별 시장 분석
핵심 내용: 다수의 기업이 재무 실적, 신기술/신제품(CES 2023 포함), M&A, 인력 변동, 규제 승인 등 사업 현황을 발표했다. 동시에 여러 산업의 시장 성장 전망 및 동향 보고서도 공개되었다."
2023-04-21,11,-8.994680788181814e-26,-2.3351295724158664e-35,-1.8540363620998765e-37,0.2364847362041473,-2.1105359296738287e-36,1.0180947388922214e-34,0.0040572043508291,0.5933292508125305,"핵심 주제: AI, 헬스케어, 에너지 등 다양한 산업 분야에서 기술 혁신을 기반으로 한 시장의 성장 및 확장 동향이 두드러지며, 기업들은 신규 투자, 전략적 파트너십, 혁신 제품 출시 및 긍정적 재무 성과 발표를 통해 활발한 사업 확장을 추진하고 있다."
2023-04-24,9,-5.63069389839354e-24,-1.5608384614370638e-25,3.1737294166670703e-24,0.045644212514162,1.960850252863428e-23,-4.0711253551024624e-24,-0.001124320551753,0.3368046879768371,"핵심 주제: 다양한 산업 분야에서 기업들은 실적 발표, 투자 유치, 시장 확장, 기술 혁신을 이어가고 있으며, AI, ESG 등 신기술 및 지속가능성 관련 동향과 함께 광범위한 시장 성장 및 예측이 나타나고 있습니다."
2023-04-27,11,-8.994680788181814e-26,-2.3351295724158664e-35,-1.8540363620998765e-37,0.2364847362041473,-2.1105359296738287e-36,1.0180947388922214e-34,0.0040572048164904,0.5933292508125305,"핵심 주제: AI, 헬스케어, 에너지 등 다양한 산업 분야에서 기술 혁신을 기반으로 한 시장의 성장 및 확장 동향이 두드러지며, 기업들은 신규 투자, 전략적 파트너십, 혁신 제품 출시 및 긍정적 재무 성과 발표를 통해 활발한 사업 확장을 추진하고 있다."
2023-04-28,0,-1.5473174413146334e-36,-3.20427505735137e-35,-1.1414504660443912e-36,0.4186395406723022,8.248636283783035e-36,1.840038421796941e-36,0.0192560032010078,0.4461044073104858,"핵심 주제: 다양한 산업 분야에서 기업의 인수합병, 투자 유치, 전략적 제휴, 주요 임원 교체 등 사업 확장이 활발하며, 신기술 기반 제품 및 서비스 출시, 그리고 광범위한 시장의 성장 전망과 재무 성과 발표가 이어지고 있습니다."
2023-05-01,23,-9.523529778294227e-29,-4.265443233199423e-28,1.8675078918226992e-25,0.3005660474300384,2.593571919114045e-24,2.8919923897104118e-27,0.0080186147242784,0.0641962811350822,"핵심 주제: 다양한 기업들이 실적, 투자 유치, 인수합병 등 재무 및 경영 활동을 발표하고 있으며, 여러 산업 분야의 시장 동향 및 성장 전망, 신기술 개발 및 인력 조정 등 광범위한 비즈니스 소식이 포함됩니다."
2023-05-02,28,2.047892655460192e-31,-2.310830241117659e-30,3.758218598194747e-31,0.0084879174828529,-9.396132479420752e-32,2.516197379686542e-31,0.0001368506636936,0.1391255110502243,"핵심 주제: 주요 기업들의 신기술 발표, 제품 출시, 사업 재편 및 실적 공개와 더불어, 불안정한 글로벌 경제 상황 속 다양한 산업의 시장 동향과 고용 변화."
2023-05-03,7,2.1558712343459348e-29,2.3831111066310774e-29,-2.435561476485672e-30,0.532355546951294,-1.8520834708617992e-29,1.442393935487224e-27,0.0283074099570512,0.1833647042512893,"핵심 주제: 기업 활동 및 산업별 시장 분석
핵심 내용: 다수의 기업이 재무 실적, 신기술/신제품(CES 2023 포함), M&A, 인력 변동, 규제 승인 등 사업 현황을 발표했다. 동시에 여러 산업의 시장 성장 전망 및 동향 보고서도 공개되었다."
2023-05-04,28,2.047892655460192e-31,-2.310830241117659e-30,3.758218598194747e-31,0.0084879174828529,-9.396132479420752e-32,2.516197379686542e-31,0.0001368504017591,0.1391255110502243,"핵심 주제: 주요 기업들의 신기술 발표, 제품 출시, 사업 재편 및 실적 공개와 더불어, 불안정한 글로벌 경제 상황 속 다양한 산업의 시장 동향과 고용 변화."
2023-05-08,11,-8.994680788181814e-26,-2.3351295724158664e-35,-1.8540363620998765e-37,0.2364847362041473,-2.1105359296738287e-36,1.0180947388922214e-34,0.0040572043508291,0.5933292508125305,"핵심 주제: AI, 헬스케어, 에너지 등 다양한 산업 분야에서 기술 혁신을 기반으로 한 시장의 성장 및 확장 동향이 두드러지며, 기업들은 신규 투자, 전략적 파트너십, 혁신 제품 출시 및 긍정적 재무 성과 발표를 통해 활발한 사업 확장을 추진하고 있다."
2023-05-09,9,-5.63069389839354e-24,-1.5608384614370638e-25,3.1737294166670703e-24,0.045644212514162,1.960850252863428e-23,-4.0711253551024624e-24,-0.0011243203189224,0.3368046879768371,"핵심 주제: 다양한 산업 분야에서 기업들은 실적 발표, 투자 유치, 시장 확장, 기술 혁신을 이어가고 있으며, AI, ESG 등 신기술 및 지속가능성 관련 동향과 함께 광범위한 시장 성장 및 예측이 나타나고 있습니다."
2023-05-10,28,2.047892655460192e-31,-2.310830241117659e-30,3.758218598194747e-31,0.0084879174828529,-9.396132479420752e-32,2.516197379686542e-31,0.0001368506636936,0.1391255110502243,"핵심 주제: 주요 기업들의 신기술 발표, 제품 출시, 사업 재편 및 실적 공개와 더불어, 불안정한 글로벌 경제 상황 속 다양한 산업의 시장 동향과 고용 변화."
2023-05-11,0,-1.5473174413146334e-36,-3.20427505735137e-35,-1.1414504660443912e-36,0.4186395108699798,8.248636283783035e-36,1.840038421796941e-36,0.0192560032010078,0.4461044073104858,"핵심 주제: 다양한 산업 분야에서 기업의 인수합병, 투자 유치, 전략적 제휴, 주요 임원 교체 등 사업 확장이 활발하며, 신기술 기반 제품 및 서비스 출시, 그리고 광범위한 시장의 성장 전망과 재무 성과 발표가 이어지고 있습니다."
2023-05-12,18,-2.137073407126877e-09,-5.7755835669581765e-09,1.6397366797704647e-09,0.0085058817639946,1.8284184166716955e-09,4.427069377754833e-09,4.285702380002476e-05,0.0183998513966798,"핵심 주제: 2023년 초 다양한 기업들이 신기술 제품 출시, 주요 임원 변경, 인수합병 추진, 주식 시장 실적 발표 등 활발한 경영 활동과 시장 동향을 보였다."
2023-05-15,11,-8.994680788181814e-26,-2.3351295724158664e-35,-1.8540363620998765e-37,0.2364847362041473,-2.1105359296738287e-36,1.0180947388922214e-34,0.0040572048164904,0.5933292508125305,"핵심 주제: AI, 헬스케어, 에너지 등 다양한 산업 분야에서 기술 혁신을 기반으로 한 시장의 성장 및 확장 동향이 두드러지며, 기업들은 신규 투자, 전략적 파트너십, 혁신 제품 출시 및 긍정적 재무 성과 발표를 통해 활발한 사업 확장을 추진하고 있다."
2023-05-16,23,-9.523529778294227e-29,-4.265443233199423e-28,1.8675078918226992e-25,0.3005660474300384,2.593571919114045e-24,2.8919923897104118e-27,0.0080186147242784,0.0641962811350822,"핵심 주제: 다양한 기업들이 실적, 투자 유치, 인수합병 등 재무 및 경영 활동을 발표하고 있으며, 여러 산업 분야의 시장 동향 및 성장 전망, 신기술 개발 및 인력 조정 등 광범위한 비즈니스 소식이 포함됩니다."
2023-05-17,11,-8.994680788181814e-26,-2.3351295724158664e-35,-1.8540363620998765e-37,0.2364847362041473,-2.1105359296738287e-36,1.0180947388922214e-34,0.0040572048164904,0.5933292508125305,"핵심 주제: AI, 헬스케어, 에너지 등 다양한 산업 분야에서 기술 혁신을 기반으로 한 시장의 성장 및 확장 동향이 두드러지며, 기업들은 신규 투자, 전략적 파트너십, 혁신 제품 출시 및 긍정적 재무 성과 발표를 통해 활발한 사업 확장을 추진하고 있다."
2023-05-22,0,-1.5473174413146334e-36,-3.20427505735137e-35,-1.1414504660443912e-36,0.4186395108699798,8.248636283783035e-36,1.840038421796941e-36,0.0192560032010078,0.4461044073104858,"핵심 주제: 다양한 산업 분야에서 기업의 인수합병, 투자 유치, 전략적 제휴, 주요 임원 교체 등 사업 확장이 활발하며, 신기술 기반 제품 및 서비스 출시, 그리고 광범위한 시장의 성장 전망과 재무 성과 발표가 이어지고 있습니다."
2023-05-23,23,-9.523529778294227e-29,-4.265443233199423e-28,1.8675078918226992e-25,0.3005660474300384,2.593571919114045e-24,2.8919923897104118e-27,0.0080186147242784,0.0641962811350822,"핵심 주제: 다양한 기업들이 실적, 투자 유치, 인수합병 등 재무 및 경영 활동을 발표하고 있으며, 여러 산업 분야의 시장 동향 및 성장 전망, 신기술 개발 및 인력 조정 등 광범위한 비즈니스 소식이 포함됩니다."
2023-05-25,7,2.1558712343459348e-29,2.3831111066310774e-29,-2.435561476485672e-30,0.532355546951294,-1.8520834708617992e-29,1.442393935487224e-27,0.0283074080944061,0.1833647489547729,"핵심 주제: 기업 활동 및 산업별 시장 분석
핵심 내용: 다수의 기업이 재무 실적, 신기술/신제품(CES 2023 포함), M&A, 인력 변동, 규제 승인 등 사업 현황을 발표했다. 동시에 여러 산업의 시장 성장 전망 및 동향 보고서도 공개되었다."
2023-05-30,18,-2.137073407126877e-09,-5.7755835669581765e-09,1.6397366797704647e-09,0.0085058817639946,1.8284184166716955e-09,4.427069377754833e-09,4.285702380002476e-05,0.0183998495340347,"핵심 주제: 2023년 초 다양한 기업들이 신기술 제품 출시, 주요 임원 변경, 인수합병 추진, 주식 시장 실적 발표 등 활발한 경영 활동과 시장 동향을 보였다."
2023-05-31,9,-5.63069389839354e-24,-1.5608384614370638e-25,3.1737294166670703e-24,0.045644212514162,1.960850252863428e-23,-4.0711253551024624e-24,-0.0011243203189224,0.3368046879768371,"핵심 주제: 다양한 산업 분야에서 기업들은 실적 발표, 투자 유치, 시장 확장, 기술 혁신을 이어가고 있으며, AI, ESG 등 신기술 및 지속가능성 관련 동향과 함께 광범위한 시장 성장 및 예측이 나타나고 있습니다."
2023-06-01,11,-8.994680788181814e-26,-2.3351295724158664e-35,-1.8540363620998765e-37,0.2364847660064697,-2.1105359296738287e-36,1.0180947388922214e-34,0.0040572062134742,0.5933293104171753,"핵심 주제: AI, 헬스케어, 에너지 등 다양한 산업 분야에서 기술 혁신을 기반으로 한 시장의 성장 및 확장 동향이 두드러지며, 기업들은 신규 투자, 전략적 파트너십, 혁신 제품 출시 및 긍정적 재무 성과 발표를 통해 활발한 사업 확장을 추진하고 있다."
2023-06-02,0,-1.5473174413146334e-36,-3.20427505735137e-35,-1.1414504660443912e-36,0.4186395406723022,8.248636283783035e-36,1.840038421796941e-36,0.0192560032010078,0.4461044073104858,"핵심 주제: 다양한 산업 분야에서 기업의 인수합병, 투자 유치, 전략적 제휴, 주요 임원 교체 등 사업 확장이 활발하며, 신기술 기반 제품 및 서비스 출시, 그리고 광범위한 시장의 성장 전망과 재무 성과 발표가 이어지고 있습니다."
2023-06-05,7,2.1558712343459348e-29,2.3831111066310774e-29,-2.435561476485672e-30,0.532355546951294,-1.8520834708617992e-29,1.442393935487224e-27,0.0283074099570512,0.1833647042512893,"핵심 주제: 기업 활동 및 산업별 시장 분석
핵심 내용: 다수의 기업이 재무 실적, 신기술/신제품(CES 2023 포함), M&A, 인력 변동, 규제 승인 등 사업 현황을 발표했다. 동시에 여러 산업의 시장 성장 전망 및 동향 보고서도 공개되었다."
2023-06-06,0,-1.5473174413146334e-36,-3.20427505735137e-35,-1.1414504660443912e-36,0.4186395108699798,8.248636283783035e-36,1.840038421796941e-36,0.0192560032010078,0.4461044073104858,"핵심 주제: 다양한 산업 분야에서 기업의 인수합병, 투자 유치, 전략적 제휴, 주요 임원 교체 등 사업 확장이 활발하며, 신기술 기반 제품 및 서비스 출시, 그리고 광범위한 시장의 성장 전망과 재무 성과 발표가 이어지고 있습니다."
2023-06-07,18,-2.137073407126877e-09,-5.7755835669581765e-09,1.6397366797704647e-09,0.0085058817639946,1.8284184166716955e-09,4.427069377754833e-09,4.285702380002476e-05,0.0183998513966798,"핵심 주제: 2023년 초 다양한 기업들이 신기술 제품 출시, 주요 임원 변경, 인수합병 추진, 주식 시장 실적 발표 등 활발한 경영 활동과 시장 동향을 보였다."
2023-06-08,0,-1.5473174413146334e-36,-3.20427505735137e-35,-1.1414504660443912e-36,0.4186395108699798,8.248636283783035e-36,1.840038421796941e-36,0.0192560032010078,0.4461044073104858,"핵심 주제: 다양한 산업 분야에서 기업의 인수합병, 투자 유치, 전략적 제휴, 주요 임원 교체 등 사업 확장이 활발하며, 신기술 기반 제품 및 서비스 출시, 그리고 광범위한 시장의 성장 전망과 재무 성과 발표가 이어지고 있습니다."
2023-06-09,28,2.047892655460192e-31,-2.310830241117659e-30,3.758218598194747e-31,0.0084879174828529,-9.396132479420752e-32,2.516197379686542e-31,0.0001368504017591,0.1391255110502243,"핵심 주제: 주요 기업들의 신기술 발표, 제품 출시, 사업 재편 및 실적 공개와 더불어, 불안정한 글로벌 경제 상황 속 다양한 산업의 시장 동향과 고용 변화."
2023-06-12,9,-5.63069389839354e-24,-1.5608384614370638e-25,3.1737294166670703e-24,0.045644212514162,1.960850252863428e-23,-4.0711253551024624e-24,-0.0011243203189224,0.3368046879768371,"핵심 주제: 다양한 산업 분야에서 기업들은 실적 발표, 투자 유치, 시장 확장, 기술 혁신을 이어가고 있으며, AI, ESG 등 신기술 및 지속가능성 관련 동향과 함께 광범위한 시장 성장 및 예측이 나타나고 있습니다."
2023-06-13,0,-1.5473174413146334e-36,-3.20427505735137e-35,-1.1414504660443912e-36,0.4186395108699798,8.248636283783035e-36,1.840038421796941e-36,0.0192560032010078,0.4461044073104858,"핵심 주제: 다양한 산업 분야에서 기업의 인수합병, 투자 유치, 전략적 제휴, 주요 임원 교체 등 사업 확장이 활발하며, 신기술 기반 제품 및 서비스 출시, 그리고 광범위한 시장의 성장 전망과 재무 성과 발표가 이어지고 있습니다."
2023-06-14,7,2.1558712343459348e-29,2.3831111066310774e-29,-2.435561476485672e-30,0.532355546951294,-1.8520834708617992e-29,1.442393935487224e-27,0.0283074080944061,0.1833647042512893,"핵심 주제: 기업 활동 및 산업별 시장 분석
핵심 내용: 다수의 기업이 재무 실적, 신기술/신제품(CES 2023 포함), M&A, 인력 변동, 규제 승인 등 사업 현황을 발표했다. 동시에 여러 산업의 시장 성장 전망 및 동향 보고서도 공개되었다."
2023-06-15,11,-8.994680788181814e-26,-2.3351295724158664e-35,-1.8540363620998765e-37,0.2364847362041473,-2.1105359296738287e-36,1.0180947388922214e-34,0.0040572043508291,0.5933292508125305,"핵심 주제: AI, 헬스케어, 에너지 등 다양한 산업 분야에서 기술 혁신을 기반으로 한 시장의 성장 및 확장 동향이 두드러지며, 기업들은 신규 투자, 전략적 파트너십, 혁신 제품 출시 및 긍정적 재무 성과 발표를 통해 활발한 사업 확장을 추진하고 있다."
2023-06-16,23,-9.523529778294227e-29,-4.265443233199423e-28,1.8675078918226992e-25,0.3005660474300384,2.593571919114045e-24,2.8919923897104118e-27,0.0080186147242784,0.0641962811350822,"핵심 주제: 다양한 기업들이 실적, 투자 유치, 인수합병 등 재무 및 경영 활동을 발표하고 있으며, 여러 산업 분야의 시장 동향 및 성장 전망, 신기술 개발 및 인력 조정 등 광범위한 비즈니스 소식이 포함됩니다."
2023-06-20,11,-8.994680788181814e-26,-2.3351295724158664e-35,-1.8540363620998765e-37,0.2364847362041473,-2.1105359296738287e-36,1.0180947388922214e-34,0.0040572043508291,0.5933292508125305,"핵심 주제: AI, 헬스케어, 에너지 등 다양한 산업 분야에서 기술 혁신을 기반으로 한 시장의 성장 및 확장 동향이 두드러지며, 기업들은 신규 투자, 전략적 파트너십, 혁신 제품 출시 및 긍정적 재무 성과 발표를 통해 활발한 사업 확장을 추진하고 있다."
2023-06-21,9,-5.63069389839354e-24,-1.5608384614370638e-25,3.1737294166670703e-24,0.045644212514162,1.960850252863428e-23,-4.0711253551024624e-24,-0.0011243203189224,0.3368046879768371,"핵심 주제: 다양한 산업 분야에서 기업들은 실적 발표, 투자 유치, 시장 확장, 기술 혁신을 이어가고 있으며, AI, ESG 등 신기술 및 지속가능성 관련 동향과 함께 광범위한 시장 성장 및 예측이 나타나고 있습니다."
2023-06-22,11,-8.994680788181814e-26,-2.3351295724158664e-35,-1.8540363620998765e-37,0.2364847362041473,-2.1105359296738287e-36,1.0180947388922214e-34,0.0040572048164904,0.5933292508125305,"핵심 주제: AI, 헬스케어, 에너지 등 다양한 산업 분야에서 기술 혁신을 기반으로 한 시장의 성장 및 확장 동향이 두드러지며, 기업들은 신규 투자, 전략적 파트너십, 혁신 제품 출시 및 긍정적 재무 성과 발표를 통해 활발한 사업 확장을 추진하고 있다."
2023-06-23,7,2.1558712343459348e-29,2.3831111066310774e-29,-2.435561476485672e-30,0.532355546951294,-1.8520834708617992e-29,1.442393935487224e-27,0.0283074099570512,0.1833647042512893,"핵심 주제: 기업 활동 및 산업별 시장 분석
핵심 내용: 다수의 기업이 재무 실적, 신기술/신제품(CES 2023 포함), M&A, 인력 변동, 규제 승인 등 사업 현황을 발표했다. 동시에 여러 산업의 시장 성장 전망 및 동향 보고서도 공개되었다."
2023-06-26,4,-1.3051631732767084e-21,-2.8450282060776815e-11,-3.1377610197035924e-20,0.0904507413506507,-1.502104254313963e-07,3.2302822526239505e-13,0.0005100900307297,0.0400653630495071,"핵심 주제: 다양한 산업 및 시장 동향, 기업 활동
핵심 내용: IT, 통신, 바이오, 금융, 제조업 등 광범위한 분야에서 신기술 개발, 파트너십, 시장 예측, 투자 및 인수합병, 실적 발표, 규제 및 사회적 이슈에 이르는 최신 사업 및 경제 활동 정보가 다양하게 보도되고 있습니다."
2023-06-27,11,-8.994680788181814e-26,-2.3351295724158664e-35,-1.8540363620998765e-37,0.2364847362041473,-2.1105359296738287e-36,1.0180947388922214e-34,0.0040572048164904,0.5933291912078857,"핵심 주제: AI, 헬스케어, 에너지 등 다양한 산업 분야에서 기술 혁신을 기반으로 한 시장의 성장 및 확장 동향이 두드러지며, 기업들은 신규 투자, 전략적 파트너십, 혁신 제품 출시 및 긍정적 재무 성과 발표를 통해 활발한 사업 확장을 추진하고 있다."
2023-06-28,4,-1.3051631732767084e-21,-2.8450282060776815e-11,-3.1377610197035924e-20,0.0904507413506507,-1.502104254313963e-07,3.2302822526239505e-13,0.0005100900889374,0.0400653630495071,"핵심 주제: 다양한 산업 및 시장 동향, 기업 활동
핵심 내용: IT, 통신, 바이오, 금융, 제조업 등 광범위한 분야에서 신기술 개발, 파트너십, 시장 예측, 투자 및 인수합병, 실적 발표, 규제 및 사회적 이슈에 이르는 최신 사업 및 경제 활동 정보가 다양하게 보도되고 있습니다."
2023-06-29,0,-1.5473174413146334e-36,-3.20427505735137e-35,-1.1414504660443912e-36,0.4186395108699798,8.248636283783035e-36,1.840038421796941e-36,0.0192560032010078,0.4461044073104858,"핵심 주제: 다양한 산업 분야에서 기업의 인수합병, 투자 유치, 전략적 제휴, 주요 임원 교체 등 사업 확장이 활발하며, 신기술 기반 제품 및 서비스 출시, 그리고 광범위한 시장의 성장 전망과 재무 성과 발표가 이어지고 있습니다."
2023-06-30,11,-8.994680788181814e-26,-2.3351295724158664e-35,-1.8540363620998765e-37,0.2364847362041473,-2.1105359296738287e-36,1.0180947388922214e-34,0.0040572062134742,0.5933292508125305,"핵심 주제: AI, 헬스케어, 에너지 등 다양한 산업 분야에서 기술 혁신을 기반으로 한 시장의 성장 및 확장 동향이 두드러지며, 기업들은 신규 투자, 전략적 파트너십, 혁신 제품 출시 및 긍정적 재무 성과 발표를 통해 활발한 사업 확장을 추진하고 있다."
2023-07-03,18,-2.137073407126877e-09,-5.7755835669581765e-09,1.6397366797704647e-09,0.0085058817639946,1.8284184166716955e-09,4.427069377754833e-09,4.285702380002476e-05,0.0183998513966798,"핵심 주제: 2023년 초 다양한 기업들이 신기술 제품 출시, 주요 임원 변경, 인수합병 추진, 주식 시장 실적 발표 등 활발한 경영 활동과 시장 동향을 보였다."
2023-07-05,0,-1.5473174413146334e-36,-3.20427505735137e-35,-1.1414504660443912e-36,0.4186395108699798,8.248636283783035e-36,1.840038421796941e-36,0.0192560032010078,0.4461044073104858,"핵심 주제: 다양한 산업 분야에서 기업의 인수합병, 투자 유치, 전략적 제휴, 주요 임원 교체 등 사업 확장이 활발하며, 신기술 기반 제품 및 서비스 출시, 그리고 광범위한 시장의 성장 전망과 재무 성과 발표가 이어지고 있습니다."
2023-07-06,11,-8.994680788181814e-26,-2.3351295724158664e-35,-1.8540363620998765e-37,0.2364847362041473,-2.1105359296738287e-36,1.0180947388922214e-34,0.0040572048164904,0.5933292508125305,"핵심 주제: AI, 헬스케어, 에너지 등 다양한 산업 분야에서 기술 혁신을 기반으로 한 시장의 성장 및 확장 동향이 두드러지며, 기업들은 신규 투자, 전략적 파트너십, 혁신 제품 출시 및 긍정적 재무 성과 발표를 통해 활발한 사업 확장을 추진하고 있다."
2023-07-07,0,-1.5473174413146334e-36,-3.20427505735137e-35,-1.1414504660443912e-36,0.4186395108699798,8.248636283783035e-36,1.840038421796941e-36,0.0192560032010078,0.4461044073104858,"핵심 주제: 다양한 산업 분야에서 기업의 인수합병, 투자 유치, 전략적 제휴, 주요 임원 교체 등 사업 확장이 활발하며, 신기술 기반 제품 및 서비스 출시, 그리고 광범위한 시장의 성장 전망과 재무 성과 발표가 이어지고 있습니다."
2023-07-10,9,-5.63069389839354e-24,-1.5608384614370638e-25,3.1737294166670703e-24,0.0456442087888717,1.960850252863428e-23,-4.0711253551024624e-24,-0.001124320551753,0.3368046879768371,"핵심 주제: 다양한 산업 분야에서 기업들은 실적 발표, 투자 유치, 시장 확장, 기술 혁신을 이어가고 있으며, AI, ESG 등 신기술 및 지속가능성 관련 동향과 함께 광범위한 시장 성장 및 예측이 나타나고 있습니다."
2023-07-11,9,-5.63069389839354e-24,-1.5608384614370638e-25,3.1737294166670703e-24,0.045644212514162,1.960850252863428e-23,-4.0711253551024624e-24,-0.0011243203189224,0.3368046879768371,"핵심 주제: 다양한 산업 분야에서 기업들은 실적 발표, 투자 유치, 시장 확장, 기술 혁신을 이어가고 있으며, AI, ESG 등 신기술 및 지속가능성 관련 동향과 함께 광범위한 시장 성장 및 예측이 나타나고 있습니다."
2023-07-12,28,2.047892655460192e-31,-2.310830241117659e-30,3.758218598194747e-31,0.0084879174828529,-9.396132479420752e-32,2.516197379686542e-31,0.0001368504017591,0.1391255110502243,"핵심 주제: 주요 기업들의 신기술 발표, 제품 출시, 사업 재편 및 실적 공개와 더불어, 불안정한 글로벌 경제 상황 속 다양한 산업의 시장 동향과 고용 변화."
2023-07-13,9,-5.63069389839354e-24,-1.5608384614370638e-25,3.1737294166670703e-24,0.045644212514162,1.960850252863428e-23,-4.0711253551024624e-24,-0.0011243203189224,0.3368046879768371,"핵심 주제: 다양한 산업 분야에서 기업들은 실적 발표, 투자 유치, 시장 확장, 기술 혁신을 이어가고 있으며, AI, ESG 등 신기술 및 지속가능성 관련 동향과 함께 광범위한 시장 성장 및 예측이 나타나고 있습니다."
2023-07-14,23,-9.523529778294227e-29,-4.265443233199423e-28,1.8675078918226992e-25,0.3005660474300384,2.593571919114045e-24,2.8919923897104118e-27,0.0080186147242784,0.0641962811350822,"핵심 주제: 다양한 기업들이 실적, 투자 유치, 인수합병 등 재무 및 경영 활동을 발표하고 있으며, 여러 산업 분야의 시장 동향 및 성장 전망, 신기술 개발 및 인력 조정 등 광범위한 비즈니스 소식이 포함됩니다."
2023-07-17,9,-5.63069389839354e-24,-1.5608384614370638e-25,3.1737294166670703e-24,0.045644212514162,1.960850252863428e-23,-4.0711253551024624e-24,-0.0011243203189224,0.3368046879768371,"핵심 주제: 다양한 산업 분야에서 기업들은 실적 발표, 투자 유치, 시장 확장, 기술 혁신을 이어가고 있으며, AI, ESG 등 신기술 및 지속가능성 관련 동향과 함께 광범위한 시장 성장 및 예측이 나타나고 있습니다."
2023-07-18,11,-8.994680788181814e-26,-2.3351295724158664e-35,-1.8540363620998765e-37,0.2364847362041473,-2.1105359296738287e-36,1.0180947388922214e-34,0.0040572062134742,0.5933292508125305,"핵심 주제: AI, 헬스케어, 에너지 등 다양한 산업 분야에서 기술 혁신을 기반으로 한 시장의 성장 및 확장 동향이 두드러지며, 기업들은 신규 투자, 전략적 파트너십, 혁신 제품 출시 및 긍정적 재무 성과 발표를 통해 활발한 사업 확장을 추진하고 있다."
2023-07-19,23,-9.523529778294227e-29,-4.265443233199423e-28,1.8675078918226992e-25,0.3005660474300384,2.593571919114045e-24,2.8919923897104118e-27,0.0080186147242784,0.0641962811350822,"핵심 주제: 다양한 기업들이 실적, 투자 유치, 인수합병 등 재무 및 경영 활동을 발표하고 있으며, 여러 산업 분야의 시장 동향 및 성장 전망, 신기술 개발 및 인력 조정 등 광범위한 비즈니스 소식이 포함됩니다."
2023-07-20,23,-9.523529778294227e-29,-4.265443233199423e-28,1.8675078918226992e-25,0.3005660474300384,2.593571919114045e-24,2.8919923897104118e-27,0.0080186147242784,0.0641962811350822,"핵심 주제: 다양한 기업들이 실적, 투자 유치, 인수합병 등 재무 및 경영 활동을 발표하고 있으며, 여러 산업 분야의 시장 동향 및 성장 전망, 신기술 개발 및 인력 조정 등 광범위한 비즈니스 소식이 포함됩니다."
2023-07-21,23,-9.523529778294227e-29,-4.265443233199423e-28,1.8675078918226992e-25,0.3005660474300384,2.593571919114045e-24,2.8919923897104118e-27,0.0080186147242784,0.0641962885856628,"핵심 주제: 다양한 기업들이 실적, 투자 유치, 인수합병 등 재무 및 경영 활동을 발표하고 있으며, 여러 산업 분야의 시장 동향 및 성장 전망, 신기술 개발 및 인력 조정 등 광범위한 비즈니스 소식이 포함됩니다."
2023-07-24,7,2.1558712343459348e-29,2.3831111066310774e-29,-2.435561476485672e-30,0.532355546951294,-1.8520834708617992e-29,1.442393935487224e-27,0.0283074099570512,0.1833647191524505,"핵심 주제: 기업 활동 및 산업별 시장 분석
핵심 내용: 다수의 기업이 재무 실적, 신기술/신제품(CES 2023 포함), M&A, 인력 변동, 규제 승인 등 사업 현황을 발표했다. 동시에 여러 산업의 시장 성장 전망 및 동향 보고서도 공개되었다."
2023-07-25,11,-8.994680788181814e-26,-2.3351295724158664e-35,-1.8540363620998765e-37,0.2364847362041473,-2.1105359296738287e-36,1.0180947388922214e-34,0.0040572048164904,0.5933292508125305,"핵심 주제: AI, 헬스케어, 에너지 등 다양한 산업 분야에서 기술 혁신을 기반으로 한 시장의 성장 및 확장 동향이 두드러지며, 기업들은 신규 투자, 전략적 파트너십, 혁신 제품 출시 및 긍정적 재무 성과 발표를 통해 활발한 사업 확장을 추진하고 있다."
2023-07-26,28,2.047892655460192e-31,-2.310830241117659e-30,3.758218598194747e-31,0.0084879174828529,-9.396132479420752e-32,2.516197379686542e-31,0.0001368506636936,0.1391255110502243,"핵심 주제: 주요 기업들의 신기술 발표, 제품 출시, 사업 재편 및 실적 공개와 더불어, 불안정한 글로벌 경제 상황 속 다양한 산업의 시장 동향과 고용 변화."
2023-07-27,7,2.1558712343459348e-29,2.3831111066310774e-29,-2.435561476485672e-30,0.532355546951294,-1.8520834708617992e-29,1.442393935487224e-27,0.0283074080944061,0.1833647042512893,"핵심 주제: 기업 활동 및 산업별 시장 분석
핵심 내용: 다수의 기업이 재무 실적, 신기술/신제품(CES 2023 포함), M&A, 인력 변동, 규제 승인 등 사업 현황을 발표했다. 동시에 여러 산업의 시장 성장 전망 및 동향 보고서도 공개되었다."
2023-07-28,7,2.1558712343459348e-29,2.3831111066310774e-29,-2.435561476485672e-30,0.532355546951294,-1.8520834708617992e-29,1.442393935487224e-27,0.0283074080944061,0.1833646893501281,"핵심 주제: 기업 활동 및 산업별 시장 분석
핵심 내용: 다수의 기업이 재무 실적, 신기술/신제품(CES 2023 포함), M&A, 인력 변동, 규제 승인 등 사업 현황을 발표했다. 동시에 여러 산업의 시장 성장 전망 및 동향 보고서도 공개되었다."
2023-07-31,4,-1.3051631732767084e-21,-2.8450282060776815e-11,-3.1377610197035924e-20,0.0904507413506507,-1.502104254313963e-07,3.2302822526239505e-13,0.0005100900307297,0.0400653630495071,"핵심 주제: 다양한 산업 및 시장 동향, 기업 활동
핵심 내용: IT, 통신, 바이오, 금융, 제조업 등 광범위한 분야에서 신기술 개발, 파트너십, 시장 예측, 투자 및 인수합병, 실적 발표, 규제 및 사회적 이슈에 이르는 최신 사업 및 경제 활동 정보가 다양하게 보도되고 있습니다."
2023-08-01,9,-5.63069389839354e-24,-1.5608384614370638e-25,3.1737294166670703e-24,0.045644212514162,1.960850252863428e-23,-4.0711253551024624e-24,-0.0011243203189224,0.3368046879768371,"핵심 주제: 다양한 산업 분야에서 기업들은 실적 발표, 투자 유치, 시장 확장, 기술 혁신을 이어가고 있으며, AI, ESG 등 신기술 및 지속가능성 관련 동향과 함께 광범위한 시장 성장 및 예측이 나타나고 있습니다."
2023-08-02,18,-2.137073407126877e-09,-5.7755835669581765e-09,1.6397366797704647e-09,0.0085058817639946,1.8284184166716955e-09,4.427069377754833e-09,4.285713657736778e-05,0.0183998513966798,"핵심 주제: 2023년 초 다양한 기업들이 신기술 제품 출시, 주요 임원 변경, 인수합병 추진, 주식 시장 실적 발표 등 활발한 경영 활동과 시장 동향을 보였다."
2023-08-03,0,-1.5473174413146334e-36,-3.20427505735137e-35,-1.1414504660443912e-36,0.4186395108699798,8.248636283783035e-36,1.840038421796941e-36,0.0192560032010078,0.4461044073104858,"핵심 주제: 다양한 산업 분야에서 기업의 인수합병, 투자 유치, 전략적 제휴, 주요 임원 교체 등 사업 확장이 활발하며, 신기술 기반 제품 및 서비스 출시, 그리고 광범위한 시장의 성장 전망과 재무 성과 발표가 이어지고 있습니다."
2023-08-04,7,2.1558712343459348e-29,2.3831111066310774e-29,-2.435561476485672e-30,0.532355546951294,-1.8520834708617992e-29,1.442393935487224e-27,0.0283074080944061,0.1833647042512893,"핵심 주제: 기업 활동 및 산업별 시장 분석
핵심 내용: 다수의 기업이 재무 실적, 신기술/신제품(CES 2023 포함), M&A, 인력 변동, 규제 승인 등 사업 현황을 발표했다. 동시에 여러 산업의 시장 성장 전망 및 동향 보고서도 공개되었다."
2023-08-07,9,-5.63069389839354e-24,-1.5608384614370638e-25,3.1737294166670703e-24,0.0456442087888717,1.960850252863428e-23,-4.0711253551024624e-24,-0.001124320551753,0.3368046879768371,"핵심 주제: 다양한 산업 분야에서 기업들은 실적 발표, 투자 유치, 시장 확장, 기술 혁신을 이어가고 있으며, AI, ESG 등 신기술 및 지속가능성 관련 동향과 함께 광범위한 시장 성장 및 예측이 나타나고 있습니다."
2023-08-08,9,-5.63069389839354e-24,-1.5608384614370638e-25,3.1737294166670703e-24,0.045644212514162,1.960850252863428e-23,-4.0711253551024624e-24,-0.0011243203189224,0.3368046879768371,"핵심 주제: 다양한 산업 분야에서 기업들은 실적 발표, 투자 유치, 시장 확장, 기술 혁신을 이어가고 있으며, AI, ESG 등 신기술 및 지속가능성 관련 동향과 함께 광범위한 시장 성장 및 예측이 나타나고 있습니다."
2023-08-09,9,-5.63069389839354e-24,-1.5608384614370638e-25,3.1737294166670703e-24,0.045644212514162,1.960850252863428e-23,-4.0711253551024624e-24,-0.001124320551753,0.3368046879768371,"핵심 주제: 다양한 산업 분야에서 기업들은 실적 발표, 투자 유치, 시장 확장, 기술 혁신을 이어가고 있으며, AI, ESG 등 신기술 및 지속가능성 관련 동향과 함께 광범위한 시장 성장 및 예측이 나타나고 있습니다."
2023-08-10,18,-2.137073407126877e-09,-5.7755835669581765e-09,1.6397366797704647e-09,0.0085058808326721,1.8284184166716955e-09,4.427069377754833e-09,4.285702016204596e-05,0.0183998513966798,"핵심 주제: 2023년 초 다양한 기업들이 신기술 제품 출시, 주요 임원 변경, 인수합병 추진, 주식 시장 실적 발표 등 활발한 경영 활동과 시장 동향을 보였다."
2023-08-11,9,-5.63069389839354e-24,-1.5608384614370638e-25,3.1737294166670703e-24,0.0456442087888717,1.960850252863428e-23,-4.0711253551024624e-24,-0.001124320551753,0.3368046879768371,"핵심 주제: 다양한 산업 분야에서 기업들은 실적 발표, 투자 유치, 시장 확장, 기술 혁신을 이어가고 있으며, AI, ESG 등 신기술 및 지속가능성 관련 동향과 함께 광범위한 시장 성장 및 예측이 나타나고 있습니다."
2023-08-14,0,-1.5473174413146334e-36,-3.20427505735137e-35,-1.1414504660443912e-36,0.4186395108699798,8.248636283783035e-36,1.840038421796941e-36,0.0192560032010078,0.4461044073104858,"핵심 주제: 다양한 산업 분야에서 기업의 인수합병, 투자 유치, 전략적 제휴, 주요 임원 교체 등 사업 확장이 활발하며, 신기술 기반 제품 및 서비스 출시, 그리고 광범위한 시장의 성장 전망과 재무 성과 발표가 이어지고 있습니다."
2023-08-15,4,-1.3051631732767084e-21,-2.8450282060776815e-11,-3.1377610197035924e-20,0.0904507413506507,-1.502104254313963e-07,3.2302822526239505e-13,0.0005100900307297,0.0400653630495071,"핵심 주제: 다양한 산업 및 시장 동향, 기업 활동
핵심 내용: IT, 통신, 바이오, 금융, 제조업 등 광범위한 분야에서 신기술 개발, 파트너십, 시장 예측, 투자 및 인수합병, 실적 발표, 규제 및 사회적 이슈에 이르는 최신 사업 및 경제 활동 정보가 다양하게 보도되고 있습니다."
2023-08-16,7,2.1558712343459348e-29,2.3831111066310774e-29,-2.435561476485672e-30,0.532355546951294,-1.8520834708617992e-29,1.442393935487224e-27,0.0283074080944061,0.1833647042512893,"핵심 주제: 기업 활동 및 산업별 시장 분석
핵심 내용: 다수의 기업이 재무 실적, 신기술/신제품(CES 2023 포함), M&A, 인력 변동, 규제 승인 등 사업 현황을 발표했다. 동시에 여러 산업의 시장 성장 전망 및 동향 보고서도 공개되었다."
2023-08-17,7,2.1558712343459348e-29,2.3831111066310774e-29,-2.435561476485672e-30,0.532355546951294,-1.8520834708617992e-29,1.442393935487224e-27,0.0283074080944061,0.1833646893501281,"핵심 주제: 기업 활동 및 산업별 시장 분석
핵심 내용: 다수의 기업이 재무 실적, 신기술/신제품(CES 2023 포함), M&A, 인력 변동, 규제 승인 등 사업 현황을 발표했다. 동시에 여러 산업의 시장 성장 전망 및 동향 보고서도 공개되었다."
2023-08-18,0,-1.5473174413146334e-36,-3.20427505735137e-35,-1.1414504660443912e-36,0.4186395108699798,8.248636283783035e-36,1.840038421796941e-36,0.0192560032010078,0.4461044073104858,"핵심 주제: 다양한 산업 분야에서 기업의 인수합병, 투자 유치, 전략적 제휴, 주요 임원 교체 등 사업 확장이 활발하며, 신기술 기반 제품 및 서비스 출시, 그리고 광범위한 시장의 성장 전망과 재무 성과 발표가 이어지고 있습니다."
2023-08-21,9,-5.63069389839354e-24,-1.5608384614370638e-25,3.1737294166670703e-24,0.045644212514162,1.960850252863428e-23,-4.0711253551024624e-24,-0.0011243203189224,0.3368046879768371,"핵심 주제: 다양한 산업 분야에서 기업들은 실적 발표, 투자 유치, 시장 확장, 기술 혁신을 이어가고 있으며, AI, ESG 등 신기술 및 지속가능성 관련 동향과 함께 광범위한 시장 성장 및 예측이 나타나고 있습니다."
2023-08-22,18,-2.137073407126877e-09,-5.7755835669581765e-09,1.6397366797704647e-09,0.0085058817639946,1.8284184166716955e-09,4.427069377754833e-09,4.285702380002476e-05,0.0183998513966798,"핵심 주제: 2023년 초 다양한 기업들이 신기술 제품 출시, 주요 임원 변경, 인수합병 추진, 주식 시장 실적 발표 등 활발한 경영 활동과 시장 동향을 보였다."
2023-08-23,0,-1.5473174413146334e-36,-3.20427505735137e-35,-1.1414504660443912e-36,0.4186395406723022,8.248636283783035e-36,1.840038421796941e-36,0.0192560032010078,0.4461044073104858,"핵심 주제: 다양한 산업 분야에서 기업의 인수합병, 투자 유치, 전략적 제휴, 주요 임원 교체 등 사업 확장이 활발하며, 신기술 기반 제품 및 서비스 출시, 그리고 광범위한 시장의 성장 전망과 재무 성과 발표가 이어지고 있습니다."
2023-08-24,18,-2.137073407126877e-09,-5.7755835669581765e-09,1.6397366797704647e-09,0.0085058808326721,1.8284184166716955e-09,4.427069377754833e-09,4.285702016204596e-05,0.0183998513966798,"핵심 주제: 2023년 초 다양한 기업들이 신기술 제품 출시, 주요 임원 변경, 인수합병 추진, 주식 시장 실적 발표 등 활발한 경영 활동과 시장 동향을 보였다."
2023-08-25,11,-8.994680788181814e-26,-2.3351295724158664e-35,-1.8540363620998765e-37,0.2364847362041473,-2.1105359296738287e-36,1.0180947388922214e-34,0.0040572048164904,0.5933292508125305,"핵심 주제: AI, 헬스케어, 에너지 등 다양한 산업 분야에서 기술 혁신을 기반으로 한 시장의 성장 및 확장 동향이 두드러지며, 기업들은 신규 투자, 전략적 파트너십, 혁신 제품 출시 및 긍정적 재무 성과 발표를 통해 활발한 사업 확장을 추진하고 있다."
2023-08-28,23,-9.523529778294227e-29,-4.265443233199423e-28,1.8675078918226992e-25,0.3005660474300384,2.593571919114045e-24,2.8919923897104118e-27,0.0080186147242784,0.0641962885856628,"핵심 주제: 다양한 기업들이 실적, 투자 유치, 인수합병 등 재무 및 경영 활동을 발표하고 있으며, 여러 산업 분야의 시장 동향 및 성장 전망, 신기술 개발 및 인력 조정 등 광범위한 비즈니스 소식이 포함됩니다."
2023-08-29,0,-1.5473174413146334e-36,-3.20427505735137e-35,-1.1414504660443912e-36,0.4186395406723022,8.248636283783035e-36,1.840038421796941e-36,0.0192560032010078,0.4461044073104858,"핵심 주제: 다양한 산업 분야에서 기업의 인수합병, 투자 유치, 전략적 제휴, 주요 임원 교체 등 사업 확장이 활발하며, 신기술 기반 제품 및 서비스 출시, 그리고 광범위한 시장의 성장 전망과 재무 성과 발표가 이어지고 있습니다."
2023-08-30,0,-1.5473174413146334e-36,-3.20427505735137e-35,-1.1414504660443912e-36,0.4186395108699798,8.248636283783035e-36,1.840038421796941e-36,0.0192560032010078,0.4461044073104858,"핵심 주제: 다양한 산업 분야에서 기업의 인수합병, 투자 유치, 전략적 제휴, 주요 임원 교체 등 사업 확장이 활발하며, 신기술 기반 제품 및 서비스 출시, 그리고 광범위한 시장의 성장 전망과 재무 성과 발표가 이어지고 있습니다."
2023-08-31,23,-9.523529778294227e-29,-4.265443233199423e-28,1.8675078918226992e-25,0.3005660474300384,2.593571919114045e-24,2.8919923897104118e-27,0.0080186128616333,0.0641962811350822,"핵심 주제: 다양한 기업들이 실적, 투자 유치, 인수합병 등 재무 및 경영 활동을 발표하고 있으며, 여러 산업 분야의 시장 동향 및 성장 전망, 신기술 개발 및 인력 조정 등 광범위한 비즈니스 소식이 포함됩니다."
2023-09-01,18,-2.137073407126877e-09,-5.7755835669581765e-09,1.6397366797704647e-09,0.0085058817639946,1.8284184166716955e-09,4.427069377754833e-09,4.285702380002476e-05,0.0183998513966798,"핵심 주제: 2023년 초 다양한 기업들이 신기술 제품 출시, 주요 임원 변경, 인수합병 추진, 주식 시장 실적 발표 등 활발한 경영 활동과 시장 동향을 보였다."
2023-09-05,23,-9.523529778294227e-29,-4.265443233199423e-28,1.8675078918226992e-25,0.3005660474300384,2.593571919114045e-24,2.8919923897104118e-27,0.0080186147242784,0.0641962811350822,"핵심 주제: 다양한 기업들이 실적, 투자 유치, 인수합병 등 재무 및 경영 활동을 발표하고 있으며, 여러 산업 분야의 시장 동향 및 성장 전망, 신기술 개발 및 인력 조정 등 광범위한 비즈니스 소식이 포함됩니다."
2023-09-06,28,2.047892655460192e-31,-2.310830241117659e-30,3.758218598194747e-31,0.0084879174828529,-9.396132479420752e-32,2.516197379686542e-31,0.0001368506636936,0.1391255110502243,"핵심 주제: 주요 기업들의 신기술 발표, 제품 출시, 사업 재편 및 실적 공개와 더불어, 불안정한 글로벌 경제 상황 속 다양한 산업의 시장 동향과 고용 변화."
2023-09-07,0,-1.5473174413146334e-36,-3.20427505735137e-35,-1.1414504660443912e-36,0.4186395108699798,8.248636283783035e-36,1.840038421796941e-36,0.0192560032010078,0.4461044073104858,"핵심 주제: 다양한 산업 분야에서 기업의 인수합병, 투자 유치, 전략적 제휴, 주요 임원 교체 등 사업 확장이 활발하며, 신기술 기반 제품 및 서비스 출시, 그리고 광범위한 시장의 성장 전망과 재무 성과 발표가 이어지고 있습니다."
2023-09-08,23,-9.523529778294227e-29,-4.265443233199423e-28,1.8675078918226992e-25,0.3005660474300384,2.593571919114045e-24,2.8919923897104118e-27,0.0080186147242784,0.0641962811350822,"핵심 주제: 다양한 기업들이 실적, 투자 유치, 인수합병 등 재무 및 경영 활동을 발표하고 있으며, 여러 산업 분야의 시장 동향 및 성장 전망, 신기술 개발 및 인력 조정 등 광범위한 비즈니스 소식이 포함됩니다."
2023-09-11,11,-8.994680788181814e-26,-2.3351295724158664e-35,-1.8540363620998765e-37,0.2364847362041473,-2.1105359296738287e-36,1.0180947388922214e-34,0.0040572048164904,0.5933292508125305,"핵심 주제: AI, 헬스케어, 에너지 등 다양한 산업 분야에서 기술 혁신을 기반으로 한 시장의 성장 및 확장 동향이 두드러지며, 기업들은 신규 투자, 전략적 파트너십, 혁신 제품 출시 및 긍정적 재무 성과 발표를 통해 활발한 사업 확장을 추진하고 있다."
2023-09-12,23,-9.523529778294227e-29,-4.265443233199423e-28,1.8675078918226992e-25,0.3005660474300384,2.593571919114045e-24,2.8919923897104118e-27,0.0080186147242784,0.0641962811350822,"핵심 주제: 다양한 기업들이 실적, 투자 유치, 인수합병 등 재무 및 경영 활동을 발표하고 있으며, 여러 산업 분야의 시장 동향 및 성장 전망, 신기술 개발 및 인력 조정 등 광범위한 비즈니스 소식이 포함됩니다."
2023-09-13,7,2.1558712343459348e-29,2.3831111066310774e-29,-2.435561476485672e-30,0.532355546951294,-1.8520834708617992e-29,1.442393935487224e-27,0.0283074080944061,0.1833647042512893,"핵심 주제: 기업 활동 및 산업별 시장 분석
핵심 내용: 다수의 기업이 재무 실적, 신기술/신제품(CES 2023 포함), M&A, 인력 변동, 규제 승인 등 사업 현황을 발표했다. 동시에 여러 산업의 시장 성장 전망 및 동향 보고서도 공개되었다."
2023-09-14,0,-1.5473174413146334e-36,-3.20427505735137e-35,-1.1414504660443912e-36,0.4186395108699798,8.248636283783035e-36,1.840038421796941e-36,0.0192560032010078,0.4461044073104858,"핵심 주제: 다양한 산업 분야에서 기업의 인수합병, 투자 유치, 전략적 제휴, 주요 임원 교체 등 사업 확장이 활발하며, 신기술 기반 제품 및 서비스 출시, 그리고 광범위한 시장의 성장 전망과 재무 성과 발표가 이어지고 있습니다."
2023-09-15,4,-1.3051631732767084e-21,-2.8450282060776815e-11,-3.1377610197035924e-20,0.0904507413506507,-1.502104254313963e-07,3.2302822526239505e-13,0.0005100900307297,0.0400653630495071,"핵심 주제: 다양한 산업 및 시장 동향, 기업 활동
핵심 내용: IT, 통신, 바이오, 금융, 제조업 등 광범위한 분야에서 신기술 개발, 파트너십, 시장 예측, 투자 및 인수합병, 실적 발표, 규제 및 사회적 이슈에 이르는 최신 사업 및 경제 활동 정보가 다양하게 보도되고 있습니다."
2023-09-18,0,-1.5473174413146334e-36,-3.20427505735137e-35,-1.1414504660443912e-36,0.4186395108699798,8.248636283783035e-36,1.840038421796941e-36,0.0192560032010078,0.4461044073104858,"핵심 주제: 다양한 산업 분야에서 기업의 인수합병, 투자 유치, 전략적 제휴, 주요 임원 교체 등 사업 확장이 활발하며, 신기술 기반 제품 및 서비스 출시, 그리고 광범위한 시장의 성장 전망과 재무 성과 발표가 이어지고 있습니다."
2023-09-19,9,-5.63069389839354e-24,-1.5608384614370638e-25,3.1737294166670703e-24,0.045644212514162,1.960850252863428e-23,-4.0711253551024624e-24,-0.0011243203189224,0.3368046879768371,"핵심 주제: 다양한 산업 분야에서 기업들은 실적 발표, 투자 유치, 시장 확장, 기술 혁신을 이어가고 있으며, AI, ESG 등 신기술 및 지속가능성 관련 동향과 함께 광범위한 시장 성장 및 예측이 나타나고 있습니다."
2023-09-20,7,2.1558712343459348e-29,2.3831111066310774e-29,-2.435561476485672e-30,0.532355546951294,-1.8520834708617992e-29,1.442393935487224e-27,0.0283074080944061,0.1833647042512893,"핵심 주제: 기업 활동 및 산업별 시장 분석
핵심 내용: 다수의 기업이 재무 실적, 신기술/신제품(CES 2023 포함), M&A, 인력 변동, 규제 승인 등 사업 현황을 발표했다. 동시에 여러 산업의 시장 성장 전망 및 동향 보고서도 공개되었다."
2023-09-21,23,-9.523529778294227e-29,-4.265443233199423e-28,1.8675078918226992e-25,0.3005660474300384,2.593571919114045e-24,2.8919923897104118e-27,0.0080186147242784,0.0641962811350822,"핵심 주제: 다양한 기업들이 실적, 투자 유치, 인수합병 등 재무 및 경영 활동을 발표하고 있으며, 여러 산업 분야의 시장 동향 및 성장 전망, 신기술 개발 및 인력 조정 등 광범위한 비즈니스 소식이 포함됩니다."
2023-09-22,7,2.1558712343459348e-29,2.3831111066310774e-29,-2.435561476485672e-30,0.532355546951294,-1.8520834708617992e-29,1.442393935487224e-27,0.0283074080944061,0.1833647042512893,"핵심 주제: 기업 활동 및 산업별 시장 분석
핵심 내용: 다수의 기업이 재무 실적, 신기술/신제품(CES 2023 포함), M&A, 인력 변동, 규제 승인 등 사업 현황을 발표했다. 동시에 여러 산업의 시장 성장 전망 및 동향 보고서도 공개되었다."
2023-09-25,0,-1.5473174413146334e-36,-3.20427505735137e-35,-1.1414504660443912e-36,0.4186395108699798,8.248636283783035e-36,1.840038421796941e-36,0.0192560032010078,0.4461044073104858,"핵심 주제: 다양한 산업 분야에서 기업의 인수합병, 투자 유치, 전략적 제휴, 주요 임원 교체 등 사업 확장이 활발하며, 신기술 기반 제품 및 서비스 출시, 그리고 광범위한 시장의 성장 전망과 재무 성과 발표가 이어지고 있습니다."
2023-09-26,4,-1.3051631732767084e-21,-2.8450282060776815e-11,-3.1377610197035924e-20,0.0904507413506507,-1.502104254313963e-07,3.2302822526239505e-13,0.0005100900307297,0.0400653630495071,"핵심 주제: 다양한 산업 및 시장 동향, 기업 활동
핵심 내용: IT, 통신, 바이오, 금융, 제조업 등 광범위한 분야에서 신기술 개발, 파트너십, 시장 예측, 투자 및 인수합병, 실적 발표, 규제 및 사회적 이슈에 이르는 최신 사업 및 경제 활동 정보가 다양하게 보도되고 있습니다."
2023-09-27,9,-5.63069389839354e-24,-1.5608384614370638e-25,3.1737294166670703e-24,0.045644212514162,1.960850252863428e-23,-4.0711253551024624e-24,-0.0011243203189224,0.3368046879768371,"핵심 주제: 다양한 산업 분야에서 기업들은 실적 발표, 투자 유치, 시장 확장, 기술 혁신을 이어가고 있으며, AI, ESG 등 신기술 및 지속가능성 관련 동향과 함께 광범위한 시장 성장 및 예측이 나타나고 있습니다."
2023-09-28,0,-1.5473174413146334e-36,-3.20427505735137e-35,-1.1414504660443912e-36,0.4186395108699798,8.248636283783035e-36,1.840038421796941e-36,0.0192560032010078,0.4461044073104858,"핵심 주제: 다양한 산업 분야에서 기업의 인수합병, 투자 유치, 전략적 제휴, 주요 임원 교체 등 사업 확장이 활발하며, 신기술 기반 제품 및 서비스 출시, 그리고 광범위한 시장의 성장 전망과 재무 성과 발표가 이어지고 있습니다."
2023-09-29,23,-9.523529778294227e-29,-4.265443233199423e-28,1.8675078918226992e-25,0.3005660474300384,2.593571919114045e-24,2.8919923897104118e-27,0.0080186147242784,0.0641962811350822,"핵심 주제: 다양한 기업들이 실적, 투자 유치, 인수합병 등 재무 및 경영 활동을 발표하고 있으며, 여러 산업 분야의 시장 동향 및 성장 전망, 신기술 개발 및 인력 조정 등 광범위한 비즈니스 소식이 포함됩니다."
2023-10-02,18,-2.137073407126877e-09,-5.7755835669581765e-09,1.6397366797704647e-09,0.0085058817639946,1.8284184166716955e-09,4.427069377754833e-09,4.285702380002476e-05,0.0183998513966798,"핵심 주제: 2023년 초 다양한 기업들이 신기술 제품 출시, 주요 임원 변경, 인수합병 추진, 주식 시장 실적 발표 등 활발한 경영 활동과 시장 동향을 보였다."
2023-10-03,18,-2.137073407126877e-09,-5.7755835669581765e-09,1.6397366797704647e-09,0.0085058817639946,1.8284184166716955e-09,4.427069377754833e-09,4.285702380002476e-05,0.0183998513966798,"핵심 주제: 2023년 초 다양한 기업들이 신기술 제품 출시, 주요 임원 변경, 인수합병 추진, 주식 시장 실적 발표 등 활발한 경영 활동과 시장 동향을 보였다."
2023-10-04,9,-5.63069389839354e-24,-1.5608384614370638e-25,3.1737294166670703e-24,0.0456442087888717,1.960850252863428e-23,-4.0711253551024624e-24,-0.0011243203189224,0.3368046879768371,"핵심 주제: 다양한 산업 분야에서 기업들은 실적 발표, 투자 유치, 시장 확장, 기술 혁신을 이어가고 있으며, AI, ESG 등 신기술 및 지속가능성 관련 동향과 함께 광범위한 시장 성장 및 예측이 나타나고 있습니다."
2023-10-05,9,-5.63069389839354e-24,-1.5608384614370638e-25,3.1737294166670703e-24,0.045644212514162,1.960850252863428e-23,-4.0711253551024624e-24,-0.0011243203189224,0.3368046879768371,"핵심 주제: 다양한 산업 분야에서 기업들은 실적 발표, 투자 유치, 시장 확장, 기술 혁신을 이어가고 있으며, AI, ESG 등 신기술 및 지속가능성 관련 동향과 함께 광범위한 시장 성장 및 예측이 나타나고 있습니다."
2023-10-09,11,-8.994680788181814e-26,-2.3351295724158664e-35,-1.8540363620998765e-37,0.2364847362041473,-2.1105359296738287e-36,1.0180947388922214e-34,0.0040572048164904,0.5933292508125305,"핵심 주제: AI, 헬스케어, 에너지 등 다양한 산업 분야에서 기술 혁신을 기반으로 한 시장의 성장 및 확장 동향이 두드러지며, 기업들은 신규 투자, 전략적 파트너십, 혁신 제품 출시 및 긍정적 재무 성과 발표를 통해 활발한 사업 확장을 추진하고 있다."
2023-10-10,7,2.1558712343459348e-29,2.3831111066310774e-29,-2.435561476485672e-30,0.532355546951294,-1.8520834708617992e-29,1.442393935487224e-27,0.0283074080944061,0.1833647042512893,"핵심 주제: 기업 활동 및 산업별 시장 분석
핵심 내용: 다수의 기업이 재무 실적, 신기술/신제품(CES 2023 포함), M&A, 인력 변동, 규제 승인 등 사업 현황을 발표했다. 동시에 여러 산업의 시장 성장 전망 및 동향 보고서도 공개되었다."
2023-10-11,28,2.047892655460192e-31,-2.310830241117659e-30,3.758218598194747e-31,0.0084879174828529,-9.396132479420752e-32,2.516197379686542e-31,0.0001368506636936,0.1391255110502243,"핵심 주제: 주요 기업들의 신기술 발표, 제품 출시, 사업 재편 및 실적 공개와 더불어, 불안정한 글로벌 경제 상황 속 다양한 산업의 시장 동향과 고용 변화."
2023-10-12,7,2.1558712343459348e-29,2.3831111066310774e-29,-2.435561476485672e-30,0.532355546951294,-1.8520834708617992e-29,1.442393935487224e-27,0.0283074080944061,0.1833647042512893,"핵심 주제: 기업 활동 및 산업별 시장 분석
핵심 내용: 다수의 기업이 재무 실적, 신기술/신제품(CES 2023 포함), M&A, 인력 변동, 규제 승인 등 사업 현황을 발표했다. 동시에 여러 산업의 시장 성장 전망 및 동향 보고서도 공개되었다."
2023-10-13,18,-2.137073407126877e-09,-5.7755835669581765e-09,1.6397366797704647e-09,0.0085058817639946,1.8284184166716955e-09,4.427069377754833e-09,4.285702380002476e-05,0.0183998513966798,"핵심 주제: 2023년 초 다양한 기업들이 신기술 제품 출시, 주요 임원 변경, 인수합병 추진, 주식 시장 실적 발표 등 활발한 경영 활동과 시장 동향을 보였다."
2023-10-16,0,-1.5473174413146334e-36,-3.20427505735137e-35,-1.1414504660443912e-36,0.4186395108699798,8.248636283783035e-36,1.840038421796941e-36,0.0192560032010078,0.4461044073104858,"핵심 주제: 다양한 산업 분야에서 기업의 인수합병, 투자 유치, 전략적 제휴, 주요 임원 교체 등 사업 확장이 활발하며, 신기술 기반 제품 및 서비스 출시, 그리고 광범위한 시장의 성장 전망과 재무 성과 발표가 이어지고 있습니다."
2023-10-17,7,2.1558712343459348e-29,2.3831111066310774e-29,-2.435561476485672e-30,0.532355546951294,-1.8520834708617992e-29,1.442393935487224e-27,0.0283074099570512,0.1833647042512893,"핵심 주제: 기업 활동 및 산업별 시장 분석
핵심 내용: 다수의 기업이 재무 실적, 신기술/신제품(CES 2023 포함), M&A, 인력 변동, 규제 승인 등 사업 현황을 발표했다. 동시에 여러 산업의 시장 성장 전망 및 동향 보고서도 공개되었다."
2023-10-18,23,-9.523529778294227e-29,-4.265443233199423e-28,1.8675078918226992e-25,0.3005660474300384,2.593571919114045e-24,2.8919923897104118e-27,0.0080186147242784,0.0641962811350822,"핵심 주제: 다양한 기업들이 실적, 투자 유치, 인수합병 등 재무 및 경영 활동을 발표하고 있으며, 여러 산업 분야의 시장 동향 및 성장 전망, 신기술 개발 및 인력 조정 등 광범위한 비즈니스 소식이 포함됩니다."
2023-10-19,23,-9.523529778294227e-29,-4.265443233199423e-28,1.8675078918226992e-25,0.3005660474300384,2.593571919114045e-24,2.8919923897104118e-27,0.0080186147242784,0.0641962811350822,"핵심 주제: 다양한 기업들이 실적, 투자 유치, 인수합병 등 재무 및 경영 활동을 발표하고 있으며, 여러 산업 분야의 시장 동향 및 성장 전망, 신기술 개발 및 인력 조정 등 광범위한 비즈니스 소식이 포함됩니다."
2023-10-20,18,-2.137073407126877e-09,-5.7755835669581765e-09,1.6397366797704647e-09,0.0085058817639946,1.8284184166716955e-09,4.427069377754833e-09,4.285713657736778e-05,0.0183998513966798,"핵심 주제: 2023년 초 다양한 기업들이 신기술 제품 출시, 주요 임원 변경, 인수합병 추진, 주식 시장 실적 발표 등 활발한 경영 활동과 시장 동향을 보였다."
2023-10-23,0,-1.5473174413146334e-36,-3.20427505735137e-35,-1.1414504660443912e-36,0.4186395406723022,8.248636283783035e-36,1.840038421796941e-36,0.0192560032010078,0.4461044073104858,"핵심 주제: 다양한 산업 분야에서 기업의 인수합병, 투자 유치, 전략적 제휴, 주요 임원 교체 등 사업 확장이 활발하며, 신기술 기반 제품 및 서비스 출시, 그리고 광범위한 시장의 성장 전망과 재무 성과 발표가 이어지고 있습니다."
2023-10-25,4,-1.3051631732767084e-21,-2.8450282060776815e-11,-3.1377610197035924e-20,0.0904507413506507,-1.502104254313963e-07,3.2302822526239505e-13,0.0005100900889374,0.0400653630495071,"핵심 주제: 다양한 산업 및 시장 동향, 기업 활동
핵심 내용: IT, 통신, 바이오, 금융, 제조업 등 광범위한 분야에서 신기술 개발, 파트너십, 시장 예측, 투자 및 인수합병, 실적 발표, 규제 및 사회적 이슈에 이르는 최신 사업 및 경제 활동 정보가 다양하게 보도되고 있습니다."
2023-10-26,28,2.047892655460192e-31,-2.310830241117659e-30,3.758218598194747e-31,0.0084879174828529,-9.396132479420752e-32,2.516197379686542e-31,0.0001368506636936,0.1391255110502243,"핵심 주제: 주요 기업들의 신기술 발표, 제품 출시, 사업 재편 및 실적 공개와 더불어, 불안정한 글로벌 경제 상황 속 다양한 산업의 시장 동향과 고용 변화."
2023-10-27,23,-9.523529778294227e-29,-4.265443233199423e-28,1.8675078918226992e-25,0.3005660474300384,2.593571919114045e-24,2.8919923897104118e-27,0.0080186147242784,0.0641962811350822,"핵심 주제: 다양한 기업들이 실적, 투자 유치, 인수합병 등 재무 및 경영 활동을 발표하고 있으며, 여러 산업 분야의 시장 동향 및 성장 전망, 신기술 개발 및 인력 조정 등 광범위한 비즈니스 소식이 포함됩니다."
2023-10-30,9,-5.63069389839354e-24,-1.5608384614370638e-25,3.1737294166670703e-24,0.045644212514162,1.960850252863428e-23,-4.0711253551024624e-24,-0.0011243203189224,0.3368046879768371,"핵심 주제: 다양한 산업 분야에서 기업들은 실적 발표, 투자 유치, 시장 확장, 기술 혁신을 이어가고 있으며, AI, ESG 등 신기술 및 지속가능성 관련 동향과 함께 광범위한 시장 성장 및 예측이 나타나고 있습니다."
2023-11-02,11,-8.994680788181814e-26,-2.3351295724158664e-35,-1.8540363620998765e-37,0.2364847362041473,-2.1105359296738287e-36,1.0180947388922214e-34,0.0040572043508291,0.5933292508125305,"핵심 주제: AI, 헬스케어, 에너지 등 다양한 산업 분야에서 기술 혁신을 기반으로 한 시장의 성장 및 확장 동향이 두드러지며, 기업들은 신규 투자, 전략적 파트너십, 혁신 제품 출시 및 긍정적 재무 성과 발표를 통해 활발한 사업 확장을 추진하고 있다."
2023-11-03,11,-8.994680788181814e-26,-2.3351295724158664e-35,-1.8540363620998765e-37,0.2364847362041473,-2.1105359296738287e-36,1.0180947388922214e-34,0.0040572048164904,0.5933292508125305,"핵심 주제: AI, 헬스케어, 에너지 등 다양한 산업 분야에서 기술 혁신을 기반으로 한 시장의 성장 및 확장 동향이 두드러지며, 기업들은 신규 투자, 전략적 파트너십, 혁신 제품 출시 및 긍정적 재무 성과 발표를 통해 활발한 사업 확장을 추진하고 있다."
2023-11-06,23,-9.523529778294227e-29,-4.265443233199423e-28,1.8675078918226992e-25,0.3005660474300384,2.593571919114045e-24,2.8919923897104118e-27,0.0080186147242784,0.0641962811350822,"핵심 주제: 다양한 기업들이 실적, 투자 유치, 인수합병 등 재무 및 경영 활동을 발표하고 있으며, 여러 산업 분야의 시장 동향 및 성장 전망, 신기술 개발 및 인력 조정 등 광범위한 비즈니스 소식이 포함됩니다."
2023-11-07,0,-1.5473174413146334e-36,-3.20427505735137e-35,-1.1414504660443912e-36,0.4186395406723022,8.248636283783035e-36,1.840038421796941e-36,0.0192559957504272,0.4461044073104858,"핵심 주제: 다양한 산업 분야에서 기업의 인수합병, 투자 유치, 전략적 제휴, 주요 임원 교체 등 사업 확장이 활발하며, 신기술 기반 제품 및 서비스 출시, 그리고 광범위한 시장의 성장 전망과 재무 성과 발표가 이어지고 있습니다."
2023-11-08,9,-5.63069389839354e-24,-1.5608384614370638e-25,3.1737294166670703e-24,0.045644212514162,1.960850252863428e-23,-4.0711253551024624e-24,-0.001124320551753,0.3368046879768371,"핵심 주제: 다양한 산업 분야에서 기업들은 실적 발표, 투자 유치, 시장 확장, 기술 혁신을 이어가고 있으며, AI, ESG 등 신기술 및 지속가능성 관련 동향과 함께 광범위한 시장 성장 및 예측이 나타나고 있습니다."
2023-11-09,7,2.1558712343459348e-29,2.3831111066310774e-29,-2.435561476485672e-30,0.532355546951294,-1.8520834708617992e-29,1.442393935487224e-27,0.0283074099570512,0.1833647042512893,"핵심 주제: 기업 활동 및 산업별 시장 분석
핵심 내용: 다수의 기업이 재무 실적, 신기술/신제품(CES 2023 포함), M&A, 인력 변동, 규제 승인 등 사업 현황을 발표했다. 동시에 여러 산업의 시장 성장 전망 및 동향 보고서도 공개되었다."
2023-11-10,11,-8.994680788181814e-26,-2.3351295724158664e-35,-1.8540363620998765e-37,0.2364847362041473,-2.1105359296738287e-36,1.0180947388922214e-34,0.0040572048164904,0.5933292508125305,"핵심 주제: AI, 헬스케어, 에너지 등 다양한 산업 분야에서 기술 혁신을 기반으로 한 시장의 성장 및 확장 동향이 두드러지며, 기업들은 신규 투자, 전략적 파트너십, 혁신 제품 출시 및 긍정적 재무 성과 발표를 통해 활발한 사업 확장을 추진하고 있다."
2023-11-13,0,-1.5473174413146334e-36,-3.20427505735137e-35,-1.1414504660443912e-36,0.4186395108699798,8.248636283783035e-36,1.840038421796941e-36,0.0192560032010078,0.4461044073104858,"핵심 주제: 다양한 산업 분야에서 기업의 인수합병, 투자 유치, 전략적 제휴, 주요 임원 교체 등 사업 확장이 활발하며, 신기술 기반 제품 및 서비스 출시, 그리고 광범위한 시장의 성장 전망과 재무 성과 발표가 이어지고 있습니다."
2023-11-14,0,-1.5473174413146334e-36,-3.20427505735137e-35,-1.1414504660443912e-36,0.4186395108699798,8.248636283783035e-36,1.840038421796941e-36,0.0192560032010078,0.4461044073104858,"핵심 주제: 다양한 산업 분야에서 기업의 인수합병, 투자 유치, 전략적 제휴, 주요 임원 교체 등 사업 확장이 활발하며, 신기술 기반 제품 및 서비스 출시, 그리고 광범위한 시장의 성장 전망과 재무 성과 발표가 이어지고 있습니다."
2023-11-16,9,-5.63069389839354e-24,-1.5608384614370638e-25,3.1737294166670703e-24,0.045644212514162,1.960850252863428e-23,-4.0711253551024624e-24,-0.0011243200860917,0.3368046879768371,"핵심 주제: 다양한 산업 분야에서 기업들은 실적 발표, 투자 유치, 시장 확장, 기술 혁신을 이어가고 있으며, AI, ESG 등 신기술 및 지속가능성 관련 동향과 함께 광범위한 시장 성장 및 예측이 나타나고 있습니다."
2023-11-17,11,-8.994680788181814e-26,-2.3351295724158664e-35,-1.8540363620998765e-37,0.2364847362041473,-2.1105359296738287e-36,1.0180947388922214e-34,0.0040572048164904,0.5933292508125305,"핵심 주제: AI, 헬스케어, 에너지 등 다양한 산업 분야에서 기술 혁신을 기반으로 한 시장의 성장 및 확장 동향이 두드러지며, 기업들은 신규 투자, 전략적 파트너십, 혁신 제품 출시 및 긍정적 재무 성과 발표를 통해 활발한 사업 확장을 추진하고 있다."
2023-11-22,9,-5.63069389839354e-24,-1.5608384614370638e-25,3.1737294166670703e-24,0.0456442087888717,1.960850252863428e-23,-4.0711253551024624e-24,-0.0011243200860917,0.3368046879768371,"핵심 주제: 다양한 산업 분야에서 기업들은 실적 발표, 투자 유치, 시장 확장, 기술 혁신을 이어가고 있으며, AI, ESG 등 신기술 및 지속가능성 관련 동향과 함께 광범위한 시장 성장 및 예측이 나타나고 있습니다."
2023-11-24,9,-5.63069389839354e-24,-1.5608384614370638e-25,3.1737294166670703e-24,0.045644212514162,1.960850252863428e-23,-4.0711253551024624e-24,-0.0011243203189224,0.3368046879768371,"핵심 주제: 다양한 산업 분야에서 기업들은 실적 발표, 투자 유치, 시장 확장, 기술 혁신을 이어가고 있으며, AI, ESG 등 신기술 및 지속가능성 관련 동향과 함께 광범위한 시장 성장 및 예측이 나타나고 있습니다."
2023-11-29,4,-1.3051631732767084e-21,-2.8450282060776815e-11,-3.1377610197035924e-20,0.0904507413506507,-1.502104254313963e-07,3.2302822526239505e-13,0.0005100900307297,0.0400653630495071,"핵심 주제: 다양한 산업 및 시장 동향, 기업 활동
핵심 내용: IT, 통신, 바이오, 금융, 제조업 등 광범위한 분야에서 신기술 개발, 파트너십, 시장 예측, 투자 및 인수합병, 실적 발표, 규제 및 사회적 이슈에 이르는 최신 사업 및 경제 활동 정보가 다양하게 보도되고 있습니다."
2023-11-30,28,2.047892655460192e-31,-2.310830241117659e-30,3.758218598194747e-31,0.0084879174828529,-9.396132479420752e-32,2.516197379686542e-31,0.0001368506636936,0.1391255110502243,"핵심 주제: 주요 기업들의 신기술 발표, 제품 출시, 사업 재편 및 실적 공개와 더불어, 불안정한 글로벌 경제 상황 속 다양한 산업의 시장 동향과 고용 변화."
2023-12-01,0,-1.5473174413146334e-36,-3.20427505735137e-35,-1.1414504660443912e-36,0.4186395108699798,8.248636283783035e-36,1.840038421796941e-36,0.0192560032010078,0.4461044073104858,"핵심 주제: 다양한 산업 분야에서 기업의 인수합병, 투자 유치, 전략적 제휴, 주요 임원 교체 등 사업 확장이 활발하며, 신기술 기반 제품 및 서비스 출시, 그리고 광범위한 시장의 성장 전망과 재무 성과 발표가 이어지고 있습니다."
2023-12-04,28,2.047892655460192e-31,-2.310830241117659e-30,3.758218598194747e-31,0.0084879174828529,-9.396132479420752e-32,2.516197379686542e-31,0.0001368506636936,0.1391255110502243,"핵심 주제: 주요 기업들의 신기술 발표, 제품 출시, 사업 재편 및 실적 공개와 더불어, 불안정한 글로벌 경제 상황 속 다양한 산업의 시장 동향과 고용 변화."
2023-12-05,9,-5.63069389839354e-24,-1.5608384614370638e-25,3.1737294166670703e-24,0.0456442087888717,1.960850252863428e-23,-4.0711253551024624e-24,-0.001124320551753,0.3368046879768371,"핵심 주제: 다양한 산업 분야에서 기업들은 실적 발표, 투자 유치, 시장 확장, 기술 혁신을 이어가고 있으며, AI, ESG 등 신기술 및 지속가능성 관련 동향과 함께 광범위한 시장 성장 및 예측이 나타나고 있습니다."
2023-12-06,4,-1.3051631732767084e-21,-2.8450282060776815e-11,-3.1377610197035924e-20,0.0904507413506507,-1.502104254313963e-07,3.2302822526239505e-13,0.0005100900307297,0.0400653630495071,"핵심 주제: 다양한 산업 및 시장 동향, 기업 활동
핵심 내용: IT, 통신, 바이오, 금융, 제조업 등 광범위한 분야에서 신기술 개발, 파트너십, 시장 예측, 투자 및 인수합병, 실적 발표, 규제 및 사회적 이슈에 이르는 최신 사업 및 경제 활동 정보가 다양하게 보도되고 있습니다."
2023-12-07,0,-1.5473174413146334e-36,-3.20427505735137e-35,-1.1414504660443912e-36,0.4186395108699798,8.248636283783035e-36,1.840038421796941e-36,0.0192560032010078,0.4461044073104858,"핵심 주제: 다양한 산업 분야에서 기업의 인수합병, 투자 유치, 전략적 제휴, 주요 임원 교체 등 사업 확장이 활발하며, 신기술 기반 제품 및 서비스 출시, 그리고 광범위한 시장의 성장 전망과 재무 성과 발표가 이어지고 있습니다."
2023-12-08,11,-8.994680788181814e-26,-2.3351295724158664e-35,-1.8540363620998765e-37,0.2364847362041473,-2.1105359296738287e-36,1.0180947388922214e-34,0.0040572043508291,0.5933292508125305,"핵심 주제: AI, 헬스케어, 에너지 등 다양한 산업 분야에서 기술 혁신을 기반으로 한 시장의 성장 및 확장 동향이 두드러지며, 기업들은 신규 투자, 전략적 파트너십, 혁신 제품 출시 및 긍정적 재무 성과 발표를 통해 활발한 사업 확장을 추진하고 있다."
2023-12-11,11,-8.994680788181814e-26,-2.3351295724158664e-35,-1.8540363620998765e-37,0.2364847362041473,-2.1105359296738287e-36,1.0180947388922214e-34,0.0040572048164904,0.5933292508125305,"핵심 주제: AI, 헬스케어, 에너지 등 다양한 산업 분야에서 기술 혁신을 기반으로 한 시장의 성장 및 확장 동향이 두드러지며, 기업들은 신규 투자, 전략적 파트너십, 혁신 제품 출시 및 긍정적 재무 성과 발표를 통해 활발한 사업 확장을 추진하고 있다."
2023-12-12,11,-8.994680788181814e-26,-2.3351295724158664e-35,-1.8540363620998765e-37,0.2364847362041473,-2.1105359296738287e-36,1.0180947388922214e-34,0.0040572043508291,0.5933292508125305,"핵심 주제: AI, 헬스케어, 에너지 등 다양한 산업 분야에서 기술 혁신을 기반으로 한 시장의 성장 및 확장 동향이 두드러지며, 기업들은 신규 투자, 전략적 파트너십, 혁신 제품 출시 및 긍정적 재무 성과 발표를 통해 활발한 사업 확장을 추진하고 있다."
2023-12-13,9,-5.63069389839354e-24,-1.5608384614370638e-25,3.1737294166670703e-24,0.045644212514162,1.960850252863428e-23,-4.0711253551024624e-24,-0.0011243203189224,0.3368046879768371,"핵심 주제: 다양한 산업 분야에서 기업들은 실적 발표, 투자 유치, 시장 확장, 기술 혁신을 이어가고 있으며, AI, ESG 등 신기술 및 지속가능성 관련 동향과 함께 광범위한 시장 성장 및 예측이 나타나고 있습니다."
2023-12-15,7,2.1558712343459348e-29,2.3831111066310774e-29,-2.435561476485672e-30,0.532355546951294,-1.8520834708617992e-29,1.442393935487224e-27,0.0283074099570512,0.1833647042512893,"핵심 주제: 기업 활동 및 산업별 시장 분석
핵심 내용: 다수의 기업이 재무 실적, 신기술/신제품(CES 2023 포함), M&A, 인력 변동, 규제 승인 등 사업 현황을 발표했다. 동시에 여러 산업의 시장 성장 전망 및 동향 보고서도 공개되었다."
2023-12-19,0,-1.5473174413146334e-36,-3.20427505735137e-35,-1.1414504660443912e-36,0.4186395108699798,8.248636283783035e-36,1.840038421796941e-36,0.0192560032010078,0.4461044073104858,"핵심 주제: 다양한 산업 분야에서 기업의 인수합병, 투자 유치, 전략적 제휴, 주요 임원 교체 등 사업 확장이 활발하며, 신기술 기반 제품 및 서비스 출시, 그리고 광범위한 시장의 성장 전망과 재무 성과 발표가 이어지고 있습니다."
2023-12-20,7,2.1558712343459348e-29,2.3831111066310774e-29,-2.435561476485672e-30,0.532355546951294,-1.8520834708617992e-29,1.442393935487224e-27,0.0283074080944061,0.1833646893501281,"핵심 주제: 기업 활동 및 산업별 시장 분석
핵심 내용: 다수의 기업이 재무 실적, 신기술/신제품(CES 2023 포함), M&A, 인력 변동, 규제 승인 등 사업 현황을 발표했다. 동시에 여러 산업의 시장 성장 전망 및 동향 보고서도 공개되었다."
2023-12-22,7,2.1558712343459348e-29,2.3831111066310774e-29,-2.435561476485672e-30,0.532355546951294,-1.8520834708617992e-29,1.442393935487224e-27,0.0283074080944061,0.1833647042512893,"핵심 주제: 기업 활동 및 산업별 시장 분석
핵심 내용: 다수의 기업이 재무 실적, 신기술/신제품(CES 2023 포함), M&A, 인력 변동, 규제 승인 등 사업 현황을 발표했다. 동시에 여러 산업의 시장 성장 전망 및 동향 보고서도 공개되었다."
2023-12-26,9,-5.63069389839354e-24,-1.5608384614370638e-25,3.1737294166670703e-24,0.045644212514162,1.960850252863428e-23,-4.0711253551024624e-24,-0.0011243203189224,0.3368046879768371,"핵심 주제: 다양한 산업 분야에서 기업들은 실적 발표, 투자 유치, 시장 확장, 기술 혁신을 이어가고 있으며, AI, ESG 등 신기술 및 지속가능성 관련 동향과 함께 광범위한 시장 성장 및 예측이 나타나고 있습니다."
2023-12-27,9,-5.63069389839354e-24,-1.5608384614370638e-25,3.1737294166670703e-24,0.0456442087888717,1.960850252863428e-23,-4.0711253551024624e-24,-0.001124320551753,0.3368046879768371,"핵심 주제: 다양한 산업 분야에서 기업들은 실적 발표, 투자 유치, 시장 확장, 기술 혁신을 이어가고 있으며, AI, ESG 등 신기술 및 지속가능성 관련 동향과 함께 광범위한 시장 성장 및 예측이 나타나고 있습니다."
